ac_no,ac_name,district,region,reservation,is_reserved,winner_party_2021,margin_pct_polled_2021,turnout_pct_2021,total_electors_2021,votes_polled_2021,valid_votes_2021,tmc_pct_2021,bjp_pct_2021,left_inc_pct_2021,other_pct_2021,winner_pct_2021,winner_party_2026,margin_pct_polled_2026,turnout_pct_2026,total_electors_2026,votes_polled_2026,valid_votes_2026,tmc_pct_2026,bjp_pct_2026,left_inc_pct_2026,other_pct_2026,winner_pct_2026,swing_tmc,swing_bjp,tmc_lead_2021,tmc_lead_2026,roll_change_pct,turnout_change,third_party_hold_2021
1,MEKLIGANJ,Cooch Behar,North Bengal,SC,1,TMC,7.39,87.76,226465,198744,196297,50.60596952576962,43.12495860863895,3.491138427994315,2.7779334375971105,49.98,BJP,13.52,97.37,224781,218859,216733,41.30658459948416,54.956559453336595,1.6951733238593107,2.041682623319937,54.42,-9.299384926285462,11.831600844697647,7.481010917130675,-13.649974853852434,-0.7436027642240495,9.61,0.0
2,MATHABHANGA,Cooch Behar,North Bengal,SC,1,BJP,12.2,86.36,248022,214203,212760,40.945196465501034,53.22852039857116,3.627561571724008,2.198721564203798,52.87,BJP,23.61,97.07,249135,241845,240932,35.79848255939435,59.49396510218651,2.136702472066807,2.5708498663523316,59.27,-5.146713906106683,6.265444703615344,-12.283323933070129,-23.695482542792156,0.4487505140672976,10.709999999999994,0.0
3,COOCHBEHAR UTTAR,Cooch Behar,North Bengal,SC,1,BJP,5.99,86.19,282988,243916,242346,43.68464922053593,49.71528310762299,4.734965710182961,1.8651019616581253,49.4,BJP,27.69,96.21,264197,254175,252356,33.65998827053845,61.550745771846124,2.865792768945458,1.923473188669974,61.11,-10.024660949997482,11.835462664223137,-6.030633887087056,-27.890757501307675,-6.640210892334652,10.019999999999996,0.0
4,COOCHBEHAR DAKSHIN,Cooch Behar,North Bengal,GEN,0,BJP,2.52,83.61,233839,195505,194041,44.644688493668866,47.18590400997727,5.280327353497457,2.8890801428564066,46.83,BJP,11.34,95.79,214440,205413,203643,41.83694013543309,53.27067466104899,2.9993665385012007,1.8930186650167204,52.81,-2.807748358235777,6.084770651071722,-2.541215516308405,-11.433734525615904,-8.295878788397149,12.180000000000007,0.0
5,SITALKUCHI,Cooch Behar,North Bengal,SC,1,BJP,7.24,86.23,285260,245966,243223,44.050110392520445,51.374664402626394,2.7628966010615774,1.8123286037915822,50.8,BJP,9.03,97.88,285874,279822,278168,42.811897845906074,51.89921198700066,2.3370768744068333,2.951813292686434,51.59,-1.2382125466143705,0.5245475843742682,-7.324554010105949,-9.087314141094588,0.21524223515390073,11.649999999999991,0.0
6,SITAI,Cooch Behar,North Bengal,SC,1,TMC,4.24,82.11,290568,238578,237001,49.75000105484787,45.483352390918185,1.6725667824186397,3.094079771815309,49.42,TMC,1.03,97.06,273362,265319,263995,48.55698024583799,47.52627890679748,2.032993049110779,1.8837477982537547,48.31,-1.1930208090098802,2.0429265158792944,4.266648663929686,1.0307013390405118,-5.921505465157894,14.950000000000003,0.0
7,DINHATA,Cooch Behar,North Bengal,GEN,0,BJP,0.02,81.45,299251,243751,242214,47.88245105567804,47.9059839645933,2.5056355123981273,1.7059294673305425,47.6,BJP,6.51,96.35,278074,267925,266111,45.39759724325563,51.95388390558827,1.747391126259343,0.9011277248967536,51.6,-2.4848538124224078,4.047899940994974,-0.023532908915257167,-6.556286662332639,-7.076668081309667,14.899999999999991,0.0
8,NATABARI,Cooch Behar,North Bengal,GEN,0,BJP,10.79,88.63,245040,217173,216027,40.87590902988978,51.72640456979914,5.4803334768339145,1.917352923477158,51.45,BJP,14.87,96.81,240383,232716,231603,39.85181539099234,54.79678587928481,3.938636373449394,1.4127623562734506,54.53,-1.0240936388974404,3.0703813094856685,-10.85049553990936,-14.94497048829247,-1.9005060398302298,8.180000000000007,0.0
9,TUFANGANJ,Cooch Behar,North Bengal,GEN,0,BJP,14.9,89.36,234311,209378,207309,40.18397657602902,55.233009661905655,2.8812063152106275,1.701807446854695,54.69,BJP,11.46,96.94,238111,230829,229408,41.87648207560329,53.409209792160695,2.842533826196122,1.871774306039894,53.08,1.692505499574274,-1.8237998697449598,-15.049033085876637,-11.532727716557403,1.6217761863506208,7.579999999999998,0.0
10,KUMARGRAM,Alipurduar,North Bengal,ST,1,BJP,4.73,85.18,272924,232489,229771,43.94505834069574,48.732868812861504,4.897484887126748,2.4245879593160145,48.16,BJP,21.42,94.83,260288,246827,243903,36.96838497271456,58.64790510981825,2.61251399121782,1.7711959262493697,57.95,-6.976673367981178,9.915036296956742,-4.787810472165766,-21.679520137103687,-4.629860327417157,9.649999999999991,0.0
11,KALCHINI,Alipurduar,North Bengal,ST,1,BJP,14.59,79.14,247425,195815,193438,38.5281071971381,53.30079922248989,2.833982981627188,5.337110598744817,52.65,BJP,18.68,91.13,222332,202607,200812,38.3024918829552,57.147481226221544,2.784196163575882,1.7658307272473757,56.64,-0.22561531418289604,3.846682003731651,-14.772692025351795,-18.84498934326634,-10.141659088612709,11.989999999999995,0.0
12,ALIPURDUARS,Alipurduar,North Bengal,GEN,0,BJP,7.19,85.45,260652,222732,220751,41.370594017694145,48.621750297846894,7.0898886075261265,2.917767076932834,48.19,BJP,30.29,94.77,245304,232466,229846,31.682952933703437,62.32085831382752,4.326810125040244,1.6693786274288,61.62,-9.687641083990709,13.699108015980627,-7.251156280152749,-30.637905380124085,-5.888310851249945,9.319999999999993,0.0
13,FALAKATA,Alipurduar,North Bengal,SC,1,BJP,1.81,86.62,254554,220500,218530,45.30407724339908,47.129913513018806,4.9293003248981835,2.6367089186839334,46.71,BJP,19.49,95.99,245799,235953,234521,37.68148694573194,57.29550871776941,3.4060915653608843,1.616912771137766,56.95,-7.622590297667138,10.165595204750602,-1.8258362696197281,-19.614021772037468,-3.439348821860977,9.36999999999999,0.0
14,MADARIHAT,Alipurduar,North Bengal,ST,1,BJP,17.78,78.49,212651,166920,164298,37.147743733946854,55.215523013061635,4.304373759875348,3.332359493116167,54.35,BJP,23.15,90.8,194663,176753,174873,35.21298313633322,58.60710344078274,3.521412682346617,2.6585007405374186,57.98,-1.9347605976136322,3.3915804277211024,-18.06777927911478,-23.394120304449515,-8.458930360073547,12.310000000000002,0.0
15,DHUPGURI,Jalpaiguri,North Bengal,SC,1,BJP,1.9,87.16,263118,229323,227339,44.133650627477024,46.04929202644509,5.765398809707089,4.051658536370795,45.65,BJP,15.51,96.06,258677,248496,247337,38.91370882641902,54.49973113606133,3.6759562863623314,2.910603751157328,54.25,-5.219941801058006,8.45043910961624,-1.915641398968063,-15.58602230964231,-1.6878358759187861,8.900000000000006,0.0
16,MAYNAGURI,Jalpaiguri,North Bengal,SC,1,BJP,5.05,89.34,264265,236093,232998,44.37591738984884,49.48797843758315,2.4721242242422683,3.6639799483257365,48.84,BJP,22.47,97.01,259205,251447,249317,36.4596076480946,59.12272328000096,1.5049114179939596,2.9127576539104836,58.62,-7.91630974175424,9.63474484241781,-5.112061047734315,-22.663115631906365,-1.914744669176771,7.670000000000002,0.0
17,JALPAIGURI,Jalpaiguri,North Bengal,SC,1,TMC,0.42,86.07,262500,225933,222552,42.986807577554906,42.563985046191455,10.886444516337754,3.562762859915885,42.34,BJP,28.93,94.68,251217,237856,235248,31.53353057199211,60.78138815207781,5.926086512956539,1.7589947629735427,60.11,-11.453277005562796,18.217403105886355,0.42282253136345105,-29.2478575800857,-4.29828571428571,8.610000000000014,0.0
18,RAJGANJ,Jalpaiguri,North Bengal,SC,1,TMC,7.31,88.37,244163,215755,212580,49.2242920312353,41.80449713049205,5.695738075077617,3.2754727631950327,48.5,BJP,9.57,97.06,231186,224379,223057,41.77407568469046,51.40255629726931,3.5107618232111073,3.3126061948291246,51.1,-7.450216346544842,9.598059166777254,7.419794900743248,-9.628480612578848,-5.314892100768754,8.689999999999998,0.0
19,DABGRAM-FULBARI,Jalpaiguri,North Bengal,GEN,0,BJP,10.65,83.44,310354,258969,255590,39.71008255409053,50.50588833678939,7.041746547204507,2.7422825619155677,49.85,BJP,38.79,95.14,264767,251889,250768,27.34998085880176,66.31627639890257,3.99014228290691,2.3436004593887576,66.02,-12.360101695288773,15.810388062113184,-10.795805782698856,-38.966295540100816,-14.688710311450793,11.700000000000003,0.0
20,MAL,Jalpaiguri,North Bengal,ST,1,TMC,2.56,83.44,255570,213255,208556,47.51050077676979,44.89010145956002,5.240319146895798,2.3590786167743913,46.46,BJP,6.9,94.27,238092,224453,221434,43.62609174742813,50.622307324078506,3.936613166903005,1.814987761590361,49.94,-3.8844090293416613,5.732205864518484,2.620399317209767,-6.996215576650378,-6.838830848691158,10.829999999999998,0.0
21,NAGRAKATA,Jalpaiguri,North Bengal,ST,1,BJP,12.28,80.56,237305,191169,185715,38.36362167837816,51.00395767708586,6.699512694181945,3.932907950354037,49.55,BJP,12.68,92.32,220932,203963,201076,38.60231952097714,51.46213372058326,7.09930573514492,2.836241023294675,50.73,0.23869784259898097,0.45817604349740293,-12.640335998707698,-12.85981419960612,-6.899559638439978,11.759999999999991,0.0
22,KALIMPONG,Kalimpong,North Bengal,GEN,0,IND,2.5,73.08,211896,154863,152703,0.0,35.58279798039331,1.1230951585757976,63.29410686103089,37.59,BJP,12.66,83.28,203506,169477,167417,0.0,50.34733629201335,1.6246856651355597,48.02797804285108,49.74,0.0,14.764538311620043,-35.58279798039331,-50.34733629201335,-3.9594895609166736,10.200000000000003,37.59
23,DARJEELING,Darjeeling,North Bengal,GEN,0,BJP,12.62,68.34,246663,168575,166035,0.0,41.50149064956184,1.1521667118378656,57.3463426386003,40.88,BJP,3.48,82.37,210995,173807,171767,0.0,36.13965429913779,1.0065961447775185,62.85374955608469,35.72,0.0,-5.361836350424049,-41.50149064956184,-36.13965429913779,-14.460214949141136,14.030000000000001,0.0
24,KURSEONG,Darjeeling,North Bengal,GEN,0,BJP,8.84,74.23,236477,175545,173128,0.0,42.43969779585047,1.4700106279746776,56.090291576174856,41.86,BJP,9.35,83.37,218103,181833,180065,0.0,41.58387249048955,1.855441090717241,56.56068641879321,41.18,0.0,-0.8558253053609235,-42.43969779585047,-41.58387249048955,-7.769888826397498,9.14,0.0
25,MATIGARA-NAXALBARI,Darjeeling,North Bengal,SC,1,BJP,29.45,83.66,287565,240591,236679,29.126791984079702,59.061006679933584,9.743154229990832,2.069047105995885,58.1,BJP,41.54,92.9,270154,250985,249174,25.139059452430832,66.9833128657083,5.651873791005482,2.225753890855386,66.5,-3.98773253164887,7.9223061857747155,-29.934214695853882,-41.84425341327747,-6.054631126875664,9.240000000000009,0.0
26,SILIGURI,Darjeeling,North Bengal,GEN,0,BJP,19.92,78.22,228406,178650,176576,30.45940558173251,50.61276730699529,16.330078832910473,2.5977482783617254,50.03,BJP,39.87,91.33,201008,183573,182349,26.086241218761824,66.22465711355697,6.275329176469298,1.4137724912119067,65.78,-4.373164362970687,15.611889806561685,-20.153361725262776,-40.138415894795145,-11.995306603154033,13.11,0.0
27,PHANSIDEWA,Darjeeling,North Bengal,ST,1,BJP,13.35,86.32,240496,207590,205015,38.01673048313538,51.53330244128478,6.250762139355657,4.199204936224179,50.89,BJP,21.79,95.33,217918,207732,205539,35.50567045670165,57.52728192703088,2.4073290227158837,4.5597185935515885,56.92,-2.511060026433732,5.993979485746095,-13.516571958149399,-22.021611470329226,-9.388097930942719,9.010000000000005,0.0
28,CHOPRA,Uttar Dinajpur,North Bengal,GEN,0,TMC,31.8,82.38,247764,204110,202579,61.66631289521619,29.626960346334023,6.061339033167307,2.6453877252824824,61.2,TMC,32.73,96.25,219393,211163,209938,57.62939534529242,24.70348388571864,14.947746477531462,2.719374291457478,57.3,-4.036917549923764,-4.923476460615383,32.039352548882164,32.92591145957378,-11.450816099191163,13.870000000000005,0.0
29,ISLAMPUR,Uttar Dinajpur,North Bengal,GEN,0,TMC,22.03,77.36,219728,169974,167998,59.602495267800805,37.31651567280563,2.0601435731377755,1.0208454862557887,58.91,TMC,21.54,91.88,202385,185961,183941,58.778086451633946,36.99773296872367,3.0596767441734034,1.1645038354689818,58.14,-0.8244088161668586,-0.3187827040819613,22.285979594995176,21.78035348291028,-7.8929403626301635,14.519999999999996,0.0
30,GOALPOKHAR,Uttar Dinajpur,North Bengal,GEN,0,TMC,45.51,71.91,224633,161535,159519,66.22972812016124,20.144935712987166,12.15591873068412,1.4694174361674786,65.4,TMC,45.74,91.79,199566,183176,182242,67.00156934186411,21.02424249075405,2.0000877953490415,9.974100372032792,66.66,0.7718412217028714,0.8793067777668853,46.08479240717408,45.977326851110064,-11.159090605565524,19.88000000000001,0.0
31,CHAKULIA,Uttar Dinajpur,North Bengal,GEN,0,TMC,19.51,74.3,233378,173400,172214,50.118457268282484,30.47022890125077,16.66763445480623,2.7436793756605153,49.78,TMC,14.07,92.12,216163,199125,197401,45.73279770619197,31.54289998530909,20.865142527140186,1.859159781358757,45.34,-4.385659562090517,1.072671084058321,19.648228367031713,14.189897720882875,-7.376445080513161,17.820000000000007,0.0
32,KARANDIGHI,Uttar Dinajpur,North Bengal,GEN,0,TMC,17.18,81.17,262583,213136,210687,55.33991181230925,37.95583021259024,4.341036703735874,2.363221271364631,54.7,BJP,9.03,94.95,231680,219973,218326,34.989419491952404,44.09003050484139,18.785211106327235,2.135338896878979,43.76,-20.35049232035685,6.134200292251144,17.38408159971901,-9.100611012888983,-11.768850230212923,13.780000000000001,0.0
33,HEMTABAD,Uttar Dinajpur,North Bengal,SC,1,TMC,12.19,84.16,265318,223301,221141,52.64740595366757,40.34077805562966,4.274648301310024,2.7371676893927406,52.14,BJP,5.16,96.97,246863,239372,238615,43.23617542903841,48.41648680929531,6.120319342874505,2.2270184187917774,48.26,-9.411230524629161,8.075708753665644,12.30662789803791,-5.180311380256896,-6.955803978621877,12.810000000000002,0.0
34,KALIAGANJ,Uttar Dinajpur,North Bengal,SC,1,BJP,9.1,84.84,282575,239726,236719,40.110003844220365,49.32768387835366,7.084348953822887,3.4779633236030905,48.71,BJP,29.6,96.14,268580,258225,255232,32.097856068204614,62.04120173019057,4.124091023069208,1.7368511785356069,61.32,-8.012147776015752,12.713517851836912,-9.217680034133295,-29.94334566198596,-4.952667433424751,11.299999999999997,0.0
35,RAIGANJ,Uttar Dinajpur,North Bengal,GEN,0,BJP,12.86,81.17,198780,161347,158879,37.15217240793308,50.21116698871468,10.824589782161267,1.8120708211909693,49.44,BJP,35.58,94.46,174464,164804,163150,28.758810910205334,64.70180815200736,5.009500459699663,1.5298804780876494,64.05,-8.393361497727746,14.490641163292679,-13.0589945807816,-35.942997241802026,-12.232618975752086,13.289999999999992,0.0
36,ITAHAR,Uttar Dinajpur,North Bengal,GEN,0,TMC,22.67,84.58,229362,193986,192746,59.47983356334243,36.66483351146068,2.5463563446193436,1.3089765805775477,59.1,TMC,13.66,96.45,211669,204159,203460,48.251253317605425,34.54929715914676,15.265899931190406,1.9335495920574068,48.09,-11.228580245737007,-2.1155363523139172,22.815000051881754,13.701956158458664,-7.714006679397634,11.870000000000005,0.0
37,KUSHMANDI,Dakshin Dinajpur,North Bengal,SC,1,TMC,6.84,83.7,219921,184075,182477,49.303747869594524,42.40753629224505,6.889087391835683,1.3996284463247424,48.88,BJP,4.54,96.84,206031,199526,197942,44.64641157510786,49.22502551252387,4.802416869588061,1.3261460427802083,48.83,-4.657336294486662,6.817489220278823,6.896211577349476,-4.578613937416009,-6.315904347470225,13.14,0.0
38,KUMARGANJ,Dakshin Dinajpur,North Bengal,GEN,0,TMC,17.18,83.79,203986,170928,169803,52.86302362149079,35.5682761788661,10.293104362113743,1.2755958375293723,52.52,TMC,3.84,96.26,180629,173869,173080,47.833949618673444,43.97157383868731,6.674948000924428,1.5195285417148139,47.62,-5.029074002817346,8.403297659821213,17.29474744262469,3.862375779986131,-11.450295608522154,12.469999999999999,0.0
39,BALURGHAT,Dakshin Dinajpur,North Bengal,GEN,0,BJP,8.83,84.31,180390,152092,150262,39.060441096218604,48.00215623377834,10.749890191798325,2.1875124782047357,47.42,BJP,30.06,94.61,167310,158296,156852,30.67923902787341,61.01101675464769,6.529084742304848,1.7806594751740494,60.45,-8.381202068345193,13.008860520869355,-8.941715137559733,-30.33177772677428,-7.250956261433561,10.299999999999997,0.0
40,TAPAN,Dakshin Dinajpur,North Bengal,ST,1,BJP,0.89,84.6,220236,186309,184606,44.81490309090712,45.70869852550838,6.547999523309102,2.928398860275397,45.29,BJP,19.81,95.62,195260,186702,185261,37.133017742536204,57.09782415079267,4.078570233346468,1.6905878733246609,56.66,-7.681885348370919,11.389125625284287,-0.8937954346012589,-19.964806408256464,-11.340561942643346,11.02000000000001,0.0
41,GANGARAMPUR,Dakshin Dinajpur,North Bengal,SC,1,BJP,2.42,84.58,224040,189482,188333,44.6719374724557,47.1101718764104,6.989215910116655,1.2286747410172407,46.82,BJP,14.7,96.19,200464,192823,191385,40.09927632782088,54.90660187580009,3.950675340282676,1.0434464560963503,54.5,-4.5726611446348215,7.796429999389694,-2.438234403954695,-14.807325547979211,-10.523120871272983,11.61,0.0
42,HARIRAMPUR,Dakshin Dinajpur,North Bengal,GEN,0,TMC,12.08,82.23,228189,187642,185819,51.73367631942912,39.532555874264744,6.6968393974781915,2.0369284088279453,51.23,TMC,0.97,96.49,211506,204074,203061,45.847306966872026,44.8692757348777,7.247083388735405,2.036333909514875,45.62,-5.886369352557097,5.336719860612952,12.201120445164378,0.9780312319943292,-7.311044791817311,14.259999999999991,0.0
43,HABIBPUR,Malda,North Bengal,ST,1,BJP,9.86,79.34,249557,197989,195827,38.07340152277265,48.03985150158048,7.049589688858022,6.837157286788849,47.52,BJP,34.35,95.43,238515,227613,225494,28.326252583217293,63.00034590720817,4.9735247944512935,3.6998767151232403,62.41,-9.747148939555355,14.960494405627692,-9.96644997880783,-34.674093323990874,-4.424640462900264,16.090000000000003,0.0
44,GAZOLE,Malda,North Bengal,SC,1,BJP,0.81,82.82,267096,221214,219478,45.041872078294865,45.86108858291036,6.355990122016785,2.7410492167779914,45.5,BJP,15.66,95.5,255389,243885,242392,38.51158454074392,54.26788012805703,4.537691012904716,2.6828443182943333,53.94,-6.530287537550947,8.406791545146667,-0.8192165046154969,-15.756295587313112,-4.383068260101242,12.680000000000007,0.0
45,CHANCHAL,Malda,North Bengal,GEN,0,TMC,33.72,80.06,249402,199679,198656,58.375281894329895,24.478495489690722,15.779035115979381,1.3671875,58.08,TMC,27.25,95.8,244678,234409,233628,54.79394593113839,27.453901073501463,12.7801462153509,4.972006780009245,54.61,-3.5813359631915063,2.9754055838107405,33.89678640463917,27.340044857636926,-1.8941307607797886,15.739999999999995,0.0
46,HARISCHANDRAPUR,Malda,North Bengal,GEN,0,TMC,38.14,80.46,252487,203153,202141,60.61462048767939,22.28840264963565,15.178019303357557,1.9189575593274002,60.31,TMC,21.26,95.0,239042,227099,226145,50.01392911627496,28.66877445886489,19.55249950253156,1.7647969223285944,49.8,-10.60069137140443,6.3803718092292385,38.32621783804374,21.34515465741007,-5.32502663503468,14.540000000000006,0.0
47,MALATIPUR,Malda,North Bengal,GEN,0,TMC,49.57,79.98,231907,185484,183450,68.76914690651404,18.64704279095121,10.807849550286182,1.7759607522485692,68.02,TMC,29.57,94.97,212732,202035,200582,51.910440617802195,21.610114566611163,25.18271828977675,1.2967265258098932,51.54,-16.858706288711844,2.9630717756599516,50.12210411556283,30.300326051191032,-8.268400695106227,14.989999999999995,0.0
48,RATUA,Malda,North Bengal,GEN,0,TMC,34.52,77.59,282451,219148,217097,60.19152728964472,25.345352538266305,7.449665356960253,7.013454815128721,59.63,TMC,13.97,94.32,247168,233138,231691,46.11055241679651,32.05648903064858,19.228627784419768,2.6043307681351453,45.82,-14.08097487284821,6.711136492382273,34.84617475137841,14.05406338614793,-12.491724228273227,16.72999999999999,0.0
49,MANIKCHAK,Malda,North Bengal,GEN,0,TMC,16.37,81.7,253353,206991,205624,53.60950083647823,37.13379761117379,5.619480216317162,3.6372213360308137,53.26,BJP,6.18,95.28,236535,225363,224162,42.90646942835985,49.12429403734799,7.003863277451129,0.9653732568410346,48.86,-10.703031408118385,11.990496426174197,16.475703225304443,-6.217824608988138,-6.638168878994922,13.579999999999998,0.0
50,MALDAHA,Malda,North Bengal,SC,1,BJP,7.49,83.95,245962,206489,203671,38.268580210241026,45.857289452106585,13.042112033622853,2.8320183040295377,45.23,BJP,22.7,95.24,231841,220797,218596,33.63648008197771,56.568281212830975,7.003330344562572,2.7919083606287396,56.0,-4.632100128263318,10.71099176072439,-7.588709241865558,-22.931801130853266,-5.741130743773426,11.289999999999992,0.0
51,ENGLISH BAZAR,Malda,North Bengal,GEN,0,BJP,9.32,78.34,275296,215675,212479,41.25395921479299,50.71324695616978,5.154862362868801,2.8779314661684214,49.96,BJP,39.98,93.95,249659,234560,232833,25.903544600636508,66.18305824346206,6.034797472866819,1.8785996830346214,65.7,-15.350414614156485,15.469811287292274,-9.45928774137679,-40.27951364282555,-9.312521794722773,15.61,0.0
52,MOTHABARI,Malda,North Bengal,GEN,0,TMC,34.68,83.1,196324,163143,161004,60.49352811110283,25.355891779086235,10.498496931753248,3.652083178057688,59.7,TMC,6.47,95.63,169594,162178,160850,40.84861672365558,34.3232825613926,17.06621075536214,7.76188995958968,40.51,-19.64491138744725,8.967390782306367,35.1376363320166,6.525334162262979,-13.615248263075319,12.530000000000001,0.0
53,SUJAPUR,Malda,North Bengal,GEN,0,TMC,62.7,82.64,251186,207591,206064,73.97944327975775,7.176896498175324,10.81314543054585,8.03051479152108,73.44,TMC,26.54,96.0,236585,227125,226173,49.87111635783228,8.871969686921073,23.21585688831116,18.041057066935487,49.66,-24.108326921925467,1.6950731887457486,66.80254678158242,40.9991466709112,-5.812823963118962,13.36,0.0
54,BAISNABNAGAR,Malda,North Bengal,GEN,0,TMC,1.18,84.49,246956,208652,206947,40.13636341672022,38.94233789327702,18.09303831415773,2.8282603758450233,39.81,BJP,20.85,96.02,234158,224839,223050,27.711723828737952,48.72988119255772,21.28536202645147,2.273032952252858,48.34,-12.42463958798227,9.7875432992807,1.1940255234432016,-21.018157363819768,-5.182299680914815,11.530000000000001,0.0
55,FARAKKA,Murshidabad,Murshidabad-Nadia,GEN,0,TMC,32.16,81.93,227549,186424,184786,55.37161906205016,22.931390906237485,19.59293452967216,2.1040555020401976,54.89,INC,4.69,96.17,181811,174841,173058,27.30645217210415,31.698621271481237,38.84651388551815,2.1484126708964624,36.06,-28.065166889946006,8.767230365243751,32.440228155812676,-4.392169099377085,-20.100286092226295,14.239999999999995,0.0
56,SAMSERGANJ,Murshidabad,Murshidabad-Nadia,GEN,0,TMC,13.99,80.05,235576,188582,185518,51.97177632359124,5.821537532746149,41.072025356030146,1.134660787632467,51.13,TMC,4.88,96.24,161502,155430,153776,40.26506086775569,22.449536988866925,35.3312610550411,1.9541410883362813,39.84,-11.70671545583555,16.627999456120776,46.150238790845094,17.81552387888877,-31.44378035113934,16.189999999999998,0.0
57,SUTI,Murshidabad,Murshidabad-Nadia,GEN,0,TMC,32.68,81.5,265418,216328,213604,59.62013819965918,26.52103893185521,8.782607067283385,5.076215801202225,58.87,TMC,5.6,96.29,229360,220852,219117,37.1171565875765,31.477703692547816,28.437775252490678,2.9673644673850044,36.83,-22.502981612082678,4.9566647606926075,33.09909926780397,5.639452895028686,-13.585363464422162,14.790000000000006,0.0
58,JANGIPUR,Murshidabad,Murshidabad-Nadia,GEN,0,TMC,46.65,77.73,255064,198263,193706,70.43870608034857,22.696251019586384,4.6808049311843725,2.184237968880675,68.82,BJP,4.96,96.11,221206,212606,211463,38.14331585194573,43.12858514255449,16.662489418952724,2.0656095865470556,42.9,-32.29539022840284,20.432334122968108,47.74245506076218,-4.985269290608763,-13.274315465922282,18.379999999999995,0.0
59,RAGHUNATHGANJ,Murshidabad,Murshidabad-Nadia,GEN,0,TMC,51.61,76.33,249559,190478,187540,67.63037218726672,15.20795563613096,6.824677402154207,10.336994774448117,66.59,TMC,20.82,97.1,200586,194765,192812,46.111756529676576,18.247826898740744,31.8128539717445,3.8275625998381844,45.65,-21.51861565759014,3.0398712626097844,52.422416551135754,27.863929630935832,-19.62381641215103,20.769999999999996,0.0
60,SAGARDIGHI,Murshidabad,Murshidabad-Nadia,GEN,0,TMC,26.87,78.86,236885,186816,185111,51.422659917562974,24.30055480225378,19.633625230267246,4.643160049915997,50.95,TMC,16.5,95.58,217262,207660,205722,44.12799797785361,27.474455819017898,5.030089149434674,23.36745705369382,43.72,-7.294661939709364,3.173901016764116,27.122105115309193,16.653542158835712,-8.283766384532576,16.72,0.0
61,LALGOLA,Murshidabad,Murshidabad-Nadia,GEN,0,TMC,31.88,81.25,234381,190438,189044,57.055500306806884,15.585789551638772,24.942870442859864,2.4158396986944837,56.64,TMC,10.52,96.69,186332,180167,179123,37.93706000904407,19.816550638388147,39.59625508728639,2.6501342652813986,37.72,-19.118440297762817,4.230761086749375,41.46971075516811,18.12050937065592,-20.500381856891124,15.439999999999998,0.0
62,BHAGAWANGOLA,Murshidabad,Murshidabad-Nadia,GEN,0,TMC,46.91,85.68,263765,225990,222594,69.092158818297,7.505593142672309,21.468233645111727,1.9340143939189736,68.05,TMC,25.85,97.09,224767,218216,217131,48.817073563885394,10.64058103172739,36.39738222547678,4.1449631789104275,48.57,-20.2750852544116,3.134987889055081,61.58656567562468,38.17649253215801,-14.785130703467097,11.409999999999997,0.0
63,RANINAGAR,Murshidabad,Murshidabad-Nadia,GEN,0,TMC,35.9,86.69,256101,222016,219242,61.5561799290282,9.641400826483977,25.202743999781063,3.5996752447067624,60.79,INC,1.14,97.0,244547,237202,234962,32.65293962427967,9.673053515036473,54.48115014342745,3.1928567172564075,33.48,-28.90324030474853,0.031652688552496144,51.914779102544216,22.979886109243196,-4.51150132174416,10.310000000000002,0.0
64,MURSHIDABAD,Murshidabad,Murshidabad-Nadia,GEN,0,BJP,1.09,85.46,268221,229231,226327,41.30130298196857,42.40192288149448,12.740415416631688,3.55635871990527,41.86,BJP,13.27,95.52,248676,237534,236092,35.12274875895837,48.47390000508276,10.672957999423954,5.73039323653491,48.18,-6.178554223010195,6.071977123588283,-1.1006198995259098,-13.351151246124388,-7.28690147303902,10.060000000000002,0.0
65,NABAGRAM,Murshidabad,Murshidabad-Nadia,SC,1,TMC,17.04,82.95,251378,208516,205887,48.79132728146993,31.532831116097665,19.00508531378863,0.6707562886437706,48.18,BJP,2.67,90.98,243554,221580,219697,33.145650600599915,35.83981574623231,28.767347756227895,2.247185896939876,35.54,-15.645676680870018,4.306984630134647,17.258496165372268,-2.6941651456323967,-3.112444207528109,8.030000000000001,0.0
66,KHARGRAM,Murshidabad,Murshidabad-Nadia,SC,1,TMC,17.52,81.22,228923,185936,184251,50.61302245306674,32.93442098007609,14.883501310712019,1.5690552561451498,50.15,BJP,4.56,88.49,231076,204477,202598,33.768842732899635,38.37550222608318,26.136980621723808,1.718674419293379,38.02,-16.844179720167105,5.441081246007087,17.67860147299065,-4.6066594931835425,0.9404909074230305,7.269999999999996,0.0
67,BURWAN,Murshidabad,Murshidabad-Nadia,SC,1,TMC,1.55,81.29,217500,176803,174795,46.849166166080266,45.276466718155554,7.013930604422323,0.8604365113418576,46.32,BJP,11.8,87.91,214906,188917,186417,37.20744352714613,49.16987184645177,11.311736590547,2.310948035855099,48.52,-9.641722638934134,3.893405128296216,1.5726994479247125,-11.962428319305637,-1.1926436781609207,6.61999999999999,0.0
68,KANDI,Murshidabad,Murshidabad-Nadia,GEN,0,TMC,20.42,78.03,238973,186481,183350,52.031088082901555,31.26206708481047,15.028633760567221,1.6782110717207526,51.16,BJP,5.18,85.19,234139,199460,196528,32.06667752177807,37.325470162012536,16.633762110233658,13.974090205975738,36.78,-19.964410561123486,6.063403077202064,20.769020998091083,-5.258792640234468,-2.022822661974366,7.159999999999997,0.0
69,BHARATPUR,Murshidabad,Murshidabad-Nadia,GEN,0,TMC,22.79,77.6,243603,189047,186603,51.567230966276,28.47917771954363,16.139076006280714,3.8145153078996588,50.9,TMC,14.34,89.17,240461,214424,212804,42.70126501381553,28.249938910922726,25.810135147835567,3.238660927426176,42.38,-8.86596595246047,-0.22923880862090584,23.08805324673237,14.451326102892804,-1.2898034917468215,11.570000000000007,0.0
70,REJINAGAR,Murshidabad,Murshidabad-Nadia,GEN,0,TMC,32.44,81.01,259771,210445,208885,56.72690714986715,24.044809344854823,17.84809823587141,1.3801852694066112,56.31,AJUP,24.6,92.98,257373,239295,237661,17.55357420864172,27.206819797947496,1.7255670892573876,53.514038904153395,51.62,-39.17333294122543,3.162010453092673,32.68209780501233,-9.653245589305776,-0.9231207486594006,11.969999999999999,0.0
71,BELDANGA,Murshidabad,Murshidabad-Nadia,GEN,0,TMC,26.32,80.85,252944,204511,203143,55.55790748389066,29.05834806023343,13.26602442614316,2.11772002973275,55.19,BJP,5.78,93.39,244767,228591,226812,26.30548648219671,32.128811526726984,18.879512547836974,22.686189443239336,31.88,-29.25242100169395,3.0704634664935533,26.499559423657228,-5.823325044530275,-3.2327313555569615,12.540000000000006,0.0
72,BAHARAMPUR,Murshidabad,Murshidabad-Nadia,GEN,0,BJP,13.59,75.81,260667,197607,195082,32.03165848207421,45.796126756953484,20.589803262217938,1.58241149875437,45.21,BJP,7.82,92.89,241429,224268,222909,22.244951975918426,40.86331193446653,32.991041187210925,3.90069490240412,40.62,-9.786706506155781,-4.932814822486954,-13.764468274879277,-18.618359958548105,-7.380297467650299,17.08,0.0
73,HARIHARPARA,Murshidabad,Murshidabad-Nadia,GEN,0,TMC,6.51,87.33,247421,216075,214958,47.75816671163669,8.549577126694517,41.2145628448348,2.477693316833986,47.51,TMC,5.38,95.78,245668,235296,233996,34.333065522487566,13.69980683430486,18.432366365237012,33.53476127797057,34.14,-13.425101189149125,5.150229707610343,39.208589584942175,20.633258688182707,-0.7085089786234788,8.450000000000003,0.0
74,NOWDA,Murshidabad,Murshidabad-Nadia,GEN,0,TMC,36.65,81.7,247688,202349,201041,58.53731328435493,21.65279719062281,15.71221790580031,4.097671619221949,58.16,AJUP,12.61,93.8,236256,221600,220482,23.52436933627235,26.54184922125162,8.077303362632778,41.85647807984325,39.02,-35.01294394808258,4.889052030628811,36.88451609373212,-3.01747988497927,-4.615483995994962,12.099999999999994,0.0
75,DOMKAL,Murshidabad,Murshidabad-Nadia,GEN,0,TMC,20.88,84.94,266283,226183,223764,57.056094814179225,5.518313937898858,35.949482490481046,1.476108757440875,56.45,CPI(M),6.32,96.3,267693,257790,256583,35.69449262032169,5.136739378680583,53.91432791728213,5.2544400837156005,41.85,-21.361602193857536,-0.3815745592182749,51.537780876280365,30.557753241641105,0.5295118351528183,11.36,0.0
76,JALANGI,Murshidabad,Murshidabad-Nadia,GEN,0,TMC,35.68,85.04,261258,222167,219616,56.38933411044733,19.931607897420953,20.291782019524987,3.387275972606732,55.74,TMC,8.49,96.29,263066,253306,251961,35.1975107258663,20.51627037517711,41.11668075614877,3.1695381428078155,35.01,-21.191823384581028,0.584662477756158,36.457726213026376,14.68124035068919,0.6920362247280432,11.25,0.0
77,KARIMPUR,Nadia,Murshidabad-Nadia,GEN,0,TMC,10.64,88.24,251039,221506,220178,50.37333430224636,39.66608834670131,7.805048642462008,2.1555287085903223,50.07,BJP,4.23,94.92,253802,240916,239776,39.64074803149607,43.88846256506072,12.590084078473241,3.880705324969972,43.68,-10.732586270750296,4.222374218359413,10.707245955545055,-4.247714533564654,1.1006257991786228,6.680000000000007,0.0
78,TEHATTA,Nadia,Murshidabad-Nadia,GEN,0,TMC,3.17,86.4,252454,218109,216373,45.22190846362531,42.02603836892773,10.740249476598281,2.0118036908486734,44.86,BJP,12.1,92.04,253796,233588,232666,36.05382823446485,48.196986237782916,12.0395760446305,3.7096094831217283,48.01,-9.16808022916046,6.170947868855187,3.1958700946975824,-12.143158003318064,0.5315819911746233,5.640000000000001,0.0
79,PALASHIPARA,Nadia,Murshidabad-Nadia,GEN,0,TMC,25.24,83.06,244867,203385,201731,54.66388408325939,29.216134357138962,13.001472257610382,3.1185093019912657,54.22,TMC,5.34,92.25,232690,214650,212602,41.97561641000555,36.588084778130025,1.4209649956256292,20.015333816238794,41.58,-12.68826767325384,7.3719504209910625,25.447749726120428,5.387531631875525,-4.972903657904082,9.189999999999998,0.0
80,KALIGANJ,Nadia,Murshidabad-Nadia,GEN,0,TMC,22.44,84.31,248358,209379,207328,53.87405463806143,31.210931470906004,12.094844883469671,2.8201690075628956,53.35,TMC,4.64,93.76,233595,219023,216918,41.16394213481592,36.47461252639246,12.480753095639827,9.88069224315179,40.77,-12.710112503245512,5.263681055486458,22.663123167155426,4.689329608423456,-5.944241780011117,9.450000000000003,0.0
81,NAKASHIPARA,Nadia,Murshidabad-Nadia,GEN,0,TMC,10.15,84.61,247691,209570,208424,50.2878747169232,40.08223621080106,2.5740797604882357,7.0558093117875105,50.01,BJP,8.41,93.86,219401,205920,204047,40.810695575039084,49.30236661161399,8.200561635309512,1.686376178037413,48.85,-9.477179141884115,9.220130400812934,10.205638506122142,-8.491671036574907,-11.421488871214535,9.25,0.0
82,CHAPRA,Nadia,Murshidabad-Nadia,GEN,0,TMC,5.68,85.95,248014,213175,211152,34.98238235962719,27.54792755929378,5.551451087368341,31.91823899371069,34.65,TMC,14.6,90.51,232860,210762,209212,46.405081926466934,31.692732730436113,0.9631378697206662,20.939047473376288,46.06,11.422699566839746,4.144805171142334,7.434454800333409,14.712349196030821,-6.110138943769305,4.560000000000002,0.0
83,KRISHNANAGAR UTTAR,Nadia,Murshidabad-Nadia,GEN,0,BJP,17.39,84.71,238220,201805,199954,37.142542784840515,54.69107894815808,5.70481210678456,2.46156616021685,54.19,BJP,38.78,92.99,217296,202057,200865,27.306897667587684,66.31867174470416,4.904786797102531,1.4696437906056306,65.93,-9.835645117252831,11.627592796546082,-17.548536163317564,-39.01177407711648,-8.783477457812106,8.280000000000001,0.0
84,NABADWIP,Nadia,Murshidabad-Nadia,GEN,0,TMC,8.82,86.61,243159,210589,208245,49.06240245864247,40.144541285505056,8.902974861341209,1.8900813945112729,48.52,BJP,9.83,94.66,230481,218181,217165,40.147813874243084,50.02233324891212,7.863145534501416,1.9667073423433794,49.79,-8.914588584399382,9.877791963407063,8.91786117313741,-9.874519374669035,-5.213872404476083,8.049999999999997,0.0
85,KRISHNANAGAR DAKSHIN,Nadia,Murshidabad-Nadia,GEN,0,TMC,4.76,86.93,225118,195685,193520,47.404919388176936,42.59663083918975,8.064282761471683,1.9341670111616371,46.88,BJP,14.11,93.54,210686,197084,195965,38.303268440793,52.48998545658664,1.6426402673946878,7.5641058352256785,52.19,-9.101650947383938,9.893354617396888,4.808288548987186,-14.18671701579364,-6.410860082267966,6.609999999999999,0.0
86,SANTIPUR,Nadia,Murshidabad-Nadia,GEN,0,BJP,7.23,85.95,255619,219692,217307,43.18498713801212,50.49170068152429,4.531837446561776,1.7914747339018071,49.94,BJP,21.11,94.32,227916,214973,214043,33.90206640721724,55.10154501665553,6.025891993664825,4.970496582462403,54.86,-9.282920730794878,4.6098443351312355,-7.306713543512174,-21.199478609438287,-10.837613792401967,8.36999999999999,0.0
87,RANAGHAT UTTAR PASCHIM,Nadia,Murshidabad-Nadia,GEN,0,BJP,10.36,83.96,265846,223193,220935,40.966347568289315,51.43458483264308,4.6823726435376924,2.916694955529907,50.91,BJP,26.5,93.06,233327,217135,215293,33.20823250175342,59.93971006953315,5.522706265415039,1.3293511632983888,59.43,-7.758115066535893,8.505125236890066,-10.468237264353768,-26.731477567779727,-12.232269810341323,9.100000000000009,0.0
88,KRISHNAGANJ,Nadia,Murshidabad-Nadia,SC,1,BJP,9.17,84.73,273728,231938,229839,41.93848737594577,51.19583708596017,4.748106283093818,2.117569255000239,50.73,BJP,26.2,91.35,254486,232467,231544,34.09244031372007,60.3937048681892,3.4196524202743324,2.0942023978163977,60.15,-7.846047062225701,9.197867782229025,-9.257349710014402,-26.301264554469128,-7.029606032265612,6.61999999999999,0.0
89,RANAGHAT UTTAR PURBA,Nadia,Murshidabad-Nadia,SC,1,BJP,14.8,81.05,264929,214736,212377,40.02504979352755,54.98994712233434,0.0,4.985003084138113,54.39,BJP,24.48,90.51,233552,211396,209617,35.53719402529375,60.22173774073668,2.707318585801724,1.533749648167849,59.71,-4.4878557682338,5.231790618402336,-14.964897328806792,-24.684543715442928,-11.843550536181391,9.460000000000008,0.0
90,RANAGHAT DAKSHIN,Nadia,Murshidabad-Nadia,SC,1,BJP,6.83,84.75,285180,241687,240110,42.79080421473491,49.668901753363045,6.298779725958935,1.2415143059431093,49.34,BJP,27.7,91.54,254197,232685,231462,32.638618866163775,60.48941078881199,5.52185671946151,1.3501136255627273,60.17,-10.152185348571138,10.820509035448943,-6.878097538628133,-27.850791922648213,-10.86436636510274,6.790000000000006,0.0
91,CHAKDAHA,Nadia,Murshidabad-Nadia,GEN,0,BJP,5.51,86.38,245514,212064,210577,41.64177474273069,47.18843938321849,8.458663576743898,2.7111222973069236,46.86,BJP,17.53,93.79,224671,210720,209610,37.444778397977196,55.07036878011545,6.006392824769811,1.4784599971375412,54.78,-4.196996344753494,7.881929396896965,-5.546664640487798,-17.625590382138256,-8.489536238259321,7.410000000000011,0.0
92,KALYANI,Nadia,Murshidabad-Nadia,SC,1,BJP,1.0,85.51,257683,220338,217761,43.5431505182287,44.55618774711725,10.178590289353926,1.7220714453001227,44.04,BJP,16.14,93.32,230939,215506,213567,37.30773012684544,53.59863649346575,7.721230339893336,1.372403039795474,53.12,-6.235420391383258,9.042448746348498,-1.0130372288885496,-16.290906366620305,-10.37864352712441,7.809999999999988,0.0
93,HARINGHATA,Nadia,Murshidabad-Nadia,SC,1,BJP,7.21,87.64,240606,210874,209447,39.37320658686923,46.63041246711579,11.840704330928588,2.155676615086394,46.31,BJP,10.37,94.31,225582,212756,211181,40.649963775150226,51.093611641198784,6.453705589044469,1.8027189946065223,50.72,1.276757188280996,4.463199174082995,-7.257205880246559,-10.443647866048558,-6.244233310890001,6.670000000000002,0.0
94,BAGDA,North 24 Parganas,North 24 Parganas,SC,1,BJP,4.48,78.85,277464,218791,217771,45.14788470457499,49.64435117623559,3.788383209885614,1.41938090930381,49.41,BJP,15.94,89.89,241642,217223,216505,40.04110759566753,56.02965289485231,2.562065541211519,1.3671739682686312,55.84,-5.106777108907458,6.385301718616724,-4.496466471660597,-15.988545299184779,-12.910503704985155,11.040000000000006,0.0
95,BANGAON UTTAR,North 24 Parganas,North 24 Parganas,SC,1,BJP,5.11,81.62,251387,205175,203342,42.91931819299505,48.077131138672776,6.910033342841125,2.0935173254910446,47.65,BJP,19.24,93.11,226988,211344,209844,37.47879377061055,56.85985779912697,4.517641676674101,1.14370675358838,56.46,-5.440524422384499,8.782726660454195,-5.157812945677726,-19.38106402851642,-9.705752485212038,11.489999999999995,0.0
96,BANGAON DAKSHIN,North 24 Parganas,North 24 Parganas,SC,1,BJP,0.96,83.71,248278,207834,206292,46.45066216818878,47.422100711612664,4.880945455955636,1.2462916642429178,47.07,BJP,17.82,92.72,228861,212191,211259,38.618473059135944,56.51782882622752,3.3215152963897396,1.5421828182467965,56.27,-7.832189109052834,9.095728114614857,-0.9714385434238864,-17.899355767091578,-7.820668766463401,9.010000000000005,0.0
97,GAIGHATA,North 24 Parganas,North 24 Parganas,SC,1,BJP,4.49,84.6,252053,213243,211834,43.066740938659514,47.58820585930493,7.004541291766194,2.340511910269362,47.27,BJP,22.79,93.59,223535,209201,208207,35.36816725662442,58.26989486424568,4.850941610992906,1.5109962681369982,57.99,-7.6985736820350965,10.68168900494075,-4.521464920645414,-22.90172760762126,-11.314287074543849,8.990000000000009,0.0
98,SWARUPNAGAR,North 24 Parganas,North 24 Parganas,SC,1,TMC,16.43,86.06,246109,211804,210548,47.39251857058723,30.86422098523852,20.55683264623744,1.1864277979368125,47.11,TMC,7.34,95.01,229583,218120,216890,43.71478629720134,36.32993683433999,18.80815159758403,1.147125270874637,43.47,-3.6777322733858853,5.465715849101468,16.528297585348707,7.384849462861354,-6.7149108728246425,8.950000000000003,0.0
99,BADURIA,North 24 Parganas,North 24 Parganas,GEN,0,TMC,26.51,87.34,243747,212883,210930,52.00824918219315,25.24866069312094,21.443606883800314,1.2994832408856019,51.53,TMC,17.62,96.1,236598,227365,225978,45.72746019524025,27.999628282399172,1.6156440007434352,24.657267521617147,45.45,-6.280788986952899,2.7509675892782326,26.759588489072208,17.727831912841076,-2.932959174882155,8.759999999999991,0.0
100,HABRA,North 24 Parganas,North 24 Parganas,GEN,0,TMC,1.88,84.22,242425,204171,202881,44.623695663960646,42.73046761402004,10.840837732463859,1.8049989895554537,44.34,BJP,15.83,94.79,209653,198737,197749,37.00802532503325,52.918093138271246,8.284239111196516,1.789642425498991,52.66,-7.615670338927394,10.187625524251203,1.8932280499406033,-15.910067813237994,-13.518407754975769,10.570000000000007,0.0
101,ASHOKNAGAR,North 24 Parganas,North 24 Parganas,GEN,0,TMC,10.86,84.27,257180,216724,215113,43.505971280210865,32.56660452878255,0.0,23.927424191006587,43.18,BJP,4.28,95.57,229948,219757,218596,39.98197588244982,44.285805778696776,0.6482277809292027,15.083990557924206,44.05,-3.5239953977610483,11.719201249914228,10.939366751428317,-4.30382989624696,-10.588692744381367,11.299999999999997,0.0
102,AMDANGA,North 24 Parganas,North 24 Parganas,GEN,0,TMC,12.03,87.33,242462,211742,209418,42.46769618657422,30.300642733671413,0.0,27.231661079754367,42.0,TMC,1.4,96.39,221501,213502,211933,38.53576366115706,37.122581193112914,0.5463990978280872,23.79525604790193,38.25,-3.93193252541716,6.821938459441501,12.16705345290281,1.4131824680441483,-8.645066030965676,9.060000000000002,0.0
103,BIJPUR,North 24 Parganas,North 24 Parganas,GEN,0,TMC,9.6,72.33,192316,139096,137869,48.32485910538264,38.64393010756588,10.509976862093726,2.5212339249577496,47.9,BJP,9.21,91.4,158512,144886,144155,40.55079601817488,49.80680517498526,7.544656793035275,2.0977420138045852,49.56,-7.7740630872077645,11.162875067419378,9.680928997816764,-9.256009156810379,-17.577320659747496,19.070000000000007,0.0
104,NAIHATI,North 24 Parganas,North 24 Parganas,GEN,0,TMC,12.05,80.68,193930,156468,154767,50.23874598590139,38.05591631290908,10.22504797534358,1.480289725845949,49.69,BJP,6.62,92.1,171184,157664,156477,42.852304172498194,49.51782051036255,0.9618026930475405,6.668072624091719,49.15,-7.386441813403195,11.461904197453464,12.182829672992305,-6.665516337864354,-11.728974372196156,11.419999999999987,0.0
105,BHATPARA,North 24 Parganas,North 24 Parganas,GEN,0,BJP,12.77,69.59,154037,107197,106037,41.07717117609891,53.984929788658675,2.0455124154776163,2.892386619764799,53.4,BJP,21.45,90.49,117493,106314,105375,36.89300118623962,58.53665480427046,3.2341637010676156,1.3361803084223014,58.02,-4.184169989859285,4.551725015611787,-12.907758612559768,-21.64365361803084,-23.724170166907953,20.89999999999999,0.0
106,JAGATDAL,North 24 Parganas,North 24 Parganas,GEN,0,TMC,10.13,77.52,233871,181287,178719,48.696557165158715,38.421208713119476,9.371135693462922,3.511098428258887,48.01,BJP,11.41,93.37,196204,183193,182221,40.3038069157781,51.778335098589075,5.65357450568266,2.2642834799501705,51.5,-8.392750249380619,13.357126385469599,10.275348452039239,-11.474528182810978,-16.105887433670695,15.850000000000009,0.0
107,NOAPARA,North 24 Parganas,North 24 Parganas,GEN,0,TMC,13.87,73.48,262153,192634,189748,49.64637308430128,35.5698083774269,12.38590130067247,2.3979172375993425,48.9,BJP,9.05,91.11,214216,195177,193805,39.60630530688063,48.71649338252367,10.122545857950001,1.5546554526457006,48.37,-10.040067777420653,13.14668500509677,14.076564706874379,-9.110188075643045,-18.28588648613596,17.629999999999995,0.0
108,BARRACKPUR,North 24 Parganas,North 24 Parganas,GEN,0,TMC,6.22,68.84,215356,148249,146319,47.080010114885965,40.77734265543094,11.034110402613468,1.1085368270696219,46.47,BJP,10.21,90.48,171212,154918,153721,40.75175154988583,51.04442463944419,7.415382413593458,0.7884413970765217,50.65,-6.328258565000134,10.267081984013245,6.302667459455023,-10.292673089558356,-20.498151897323503,21.64,0.0
109,KHARDAHA,North 24 Parganas,North 24 Parganas,GEN,0,TMC,15.36,78.73,232619,183147,180732,49.690702255273,34.12068698404267,14.892769404422017,1.295841356262311,49.04,BJP,12.46,93.53,210105,196505,195189,37.53592671718181,50.08069102254738,10.951949136477978,1.4314331237928366,49.75,-12.154775538091194,15.960004038504707,15.570015271230332,-12.544764305365568,-9.678487139915482,14.799999999999997,0.0
110,DUM DUM UTTAR,North 24 Parganas,North 24 Parganas,GEN,0,TMC,13.37,78.07,273015,213149,211038,45.23592907438471,31.73172603986012,21.66813559643287,1.3642092893223021,44.79,BJP,11.82,92.87,240505,223349,221874,34.65029701542317,46.55074501744233,18.04402498715487,0.754932979979628,46.24,-10.585632058961536,14.81901897758221,13.504203034524586,-11.90044800201916,-11.907770635313074,14.800000000000011,0.0
111,PANIHATI,North 24 Parganas,North 24 Parganas,GEN,0,TMC,14.44,75.56,230748,174356,172022,50.281359361011965,35.64544069944542,12.305984118310448,1.767215821232168,49.61,BJP,16.48,92.16,189867,174984,173939,34.00100035069766,50.57922605051196,14.49186208958313,0.9279115092072509,50.28,-16.280359010314307,14.93378535106654,14.635918661566542,-16.578225699814304,-17.71672993915441,16.599999999999994,0.0
112,KAMARHATI,North 24 Parganas,North 24 Parganas,GEN,0,TMC,24.54,73.22,197103,144310,142757,51.727761160573564,26.924774266761,19.83090146192481,1.5165631107406292,51.17,TMC,3.81,91.06,162833,148272,147127,44.05513603893235,40.21763510436561,14.645850183854765,1.081378672847268,43.71,-7.672625121641211,13.292860837604614,24.802986893812566,3.837500934566741,-17.386848500530185,17.840000000000003,0.0
113,BARANAGAR,North 24 Parganas,North 24 Parganas,GEN,0,TMC,21.93,73.59,217774,160259,157881,54.22755113028167,31.96584769541617,12.753276201696215,1.0533249726059501,53.42,BJP,10.01,90.73,186656,169347,168150,38.52155813261969,48.60541183467142,11.822777282188522,1.0502527505203687,48.26,-15.70599299766198,16.639564139255253,22.2617034348655,-10.083853702051734,-14.289125423604288,17.14,0.0
114,DUM DUM,North 24 Parganas,North 24 Parganas,GEN,0,TMC,14.42,74.77,247858,185334,183295,48.00949289396874,33.42589814233885,16.723314874928395,1.8412940887640143,47.48,BJP,12.76,90.99,217724,198098,196639,37.58562645253485,50.43811248023027,11.214458983212893,0.7618020840219896,50.07,-10.423866441433894,17.012214337891415,14.583594751629889,-12.85248602769542,-12.157767754117277,16.22,0.0
115,RAJARHAT NEW TOWN,North 24 Parganas,North 24 Parganas,GEN,0,TMC,24.02,81.26,289075,234906,232874,54.696531171363056,30.463684224086844,13.545093054613224,1.2946915499368756,54.22,BJP,0.13,94.34,267716,252560,250768,42.36904230204811,42.49505519045492,13.61058827282588,1.5253142346710904,42.19,-12.327488869314948,12.031370966368076,24.23284694727621,-0.12601288840681235,-7.388739946380696,13.079999999999998,0.0
116,BIDHANNAGAR,North 24 Parganas,North 24 Parganas,GEN,0,TMC,4.94,66.58,243360,162035,159822,47.49784134850021,42.49414974158751,8.022049530102239,1.9859593798100386,46.85,BJP,21.03,87.02,203960,177484,176102,34.43969971948076,55.63764182121725,8.775595961431444,1.1470624978705524,55.2,-13.058141629019453,13.143492079629738,5.003691606912696,-21.197942101736494,-16.19000657462196,20.439999999999998,0.0
117,RAJARHAT GOPALPUR,North 24 Parganas,North 24 Parganas,GEN,0,TMC,14.15,69.42,257447,178723,176465,49.66990621369677,35.335052276655425,13.890006516873035,1.1050349927747711,49.04,BJP,14.18,89.38,218980,195730,194162,37.865287749405134,52.16108198308629,9.337048444082777,0.636581823425799,51.74,-11.804618464291636,16.826029706430866,14.334853937041345,-14.295794233681157,-14.941716159054097,19.959999999999994,0.0
118,MADHYAMGRAM,North 24 Parganas,North 24 Parganas,GEN,0,TMC,20.89,84.59,272397,230431,227279,49.604670911082856,28.429815337096695,0.0,21.96551375182045,48.93,TMC,1.03,95.19,244690,232916,231442,41.47691430250344,40.440369509423526,1.6401517442815046,16.442564443791532,41.21,-8.127756608579418,12.010554172326831,21.17485557398616,1.036544793079912,-10.171551081693265,10.599999999999994,0.0
119,BARASAT,North 24 Parganas,North 24 Parganas,GEN,0,TMC,10.54,80.73,279592,225707,223019,46.82605517915514,36.16194135925639,15.322012922665781,1.6899905389226926,46.27,BJP,14.61,93.64,252684,236603,235060,37.27261124819195,51.97438951756998,8.91346890155705,1.8395303326810175,51.64,-9.55344393096319,15.812448158313593,10.664113819898752,-14.701778269378032,-9.624023577212515,12.909999999999997,0.0
120,DEGANGA,North 24 Parganas,North 24 Parganas,GEN,0,TMC,15.18,88.35,242652,214380,212280,47.157056717542865,18.110985490861125,1.3859054079517619,33.34605238364424,46.7,TMC,7.63,97.19,240229,233473,231155,43.74294304687331,18.05109125911185,0.3590664272890485,37.84689926672579,43.31,-3.4141136706695576,-0.05989423174927566,29.04607122668174,25.691851787761458,-0.9985493628735798,8.840000000000003,0.0
121,HAROA,North 24 Parganas,North 24 Parganas,GEN,0,TMC,35.61,87.73,259206,227395,224465,58.092798431826786,17.154567527231418,0.0,24.752634040941796,57.34,TMC,20.78,97.53,243479,237469,234632,50.11720481434757,17.53554502369668,0.5272085649016331,31.82004159705411,49.52,-7.975593617479213,0.38097749646526324,40.93823090459537,32.58165979065089,-6.067374983603779,9.799999999999997,0.0
122,MINAKHAN,North 24 Parganas,North 24 Parganas,SC,1,TMC,26.29,89.78,236528,212352,208412,52.69274322016007,25.90445847647928,21.40279830336065,0.0,51.72,TMC,14.96,97.21,222038,215848,213232,43.18254295790501,28.038474525399565,0.5491671043745779,28.229815412320853,42.66,-9.510200262255061,2.1340160489202837,26.788284743680787,15.144068432505442,-6.126124602584049,7.429999999999993,0.0
123,SANDESHKHALI,North 24 Parganas,North 24 Parganas,ST,1,TMC,19.28,86.24,238633,205787,203331,55.303913323595516,35.786476238251915,0.0,8.90961043815257,54.64,BJP,8.1,96.8,223320,216180,213988,41.908424771482515,50.0911266052302,6.581210161317457,1.4192384619698302,49.58,-13.395488552113001,14.304650366978287,19.5174370853436,-8.182701833747686,-6.416966639148813,10.560000000000002,0.0
124,BASIRHAT DAKSHIN,North 24 Parganas,North 24 Parganas,GEN,0,TMC,10.38,85.43,275934,235737,234048,49.508220535958436,39.05395474432595,9.865070412906753,1.5727543068088596,49.15,TMC,3.81,96.09,260723,250535,249208,45.329604186061445,41.49987159320728,10.920596449552182,2.2499277711790953,45.09,-4.178616349896991,2.445916848881332,10.454265791632487,3.829732592854164,-5.512550102560754,10.659999999999997,0.0
125,BASIRHAT UTTAR,North 24 Parganas,North 24 Parganas,GEN,0,TMC,37.48,88.95,268034,238426,236474,58.02582947808216,20.088889264781752,0.0,21.885281257136093,57.55,TMC,24.01,97.12,245638,238563,236879,48.76033755630512,23.307680292469996,0.8831513135398241,27.048830837685063,48.42,-9.265491921777041,3.218791027688244,37.9369402133004,25.45265726383512,-8.355656371952813,8.170000000000002,0.0
126,HINGALGANJ,North 24 Parganas,North 24 Parganas,SC,1,TMC,12.8,85.2,228508,194681,192945,54.267278239912926,41.353753660369534,3.113840731814766,1.2651273679027701,53.78,BJP,2.62,96.15,215357,207071,205411,46.14455895740734,48.783658129311476,4.0216930933591675,1.0500898199220101,48.39,-8.122719282505585,7.429904468941942,12.913524579543392,-2.6390991719041352,-5.755159556777,10.950000000000003,0.0
127,GOSABA,South 24 Parganas,South 24 Parganas,SC,1,TMC,12.11,85.01,230348,195808,194791,54.27509484524439,42.10358794810848,2.500628879157661,1.120688327489463,53.99,BJP,7.62,95.44,221427,211328,209107,44.184078007909825,51.88348548829068,2.526457746512551,1.4059787572869393,51.34,-10.091016837334564,9.779897540182198,12.171506897135906,-7.699407480380856,-3.872835883098613,10.429999999999993,0.0
128,BASANTI,South 24 Parganas,South 24 Parganas,SC,1,TMC,23.67,82.06,260681,213910,212003,52.57142587604893,28.684028056206753,17.30541548940345,1.4391305783408725,52.1,TMC,24.23,96.46,240362,231860,230458,55.32244487064888,30.94446710463512,1.4254224197033734,12.307665605012627,54.99,2.751018994599953,2.260439048428367,23.887397819842175,24.37797776601376,-7.794584185268583,14.399999999999991,0.0
129,KULTALI,South 24 Parganas,South 24 Parganas,SC,1,TMC,20.75,85.61,265561,227351,226303,51.805764837408255,30.958935586359882,8.842127590001017,8.39317198623085,51.57,TMC,23.38,96.86,261761,253551,252081,58.090455052145934,34.57579111476073,5.431587465933569,1.9021663671597622,57.75,6.2846902147376795,3.6168555284008512,20.846829251048373,23.5146639373852,-1.4309330059760317,11.25,0.0
130,PATHARPRATIMA,South 24 Parganas,South 24 Parganas,GEN,0,TMC,9.55,87.91,263675,231786,230572,52.12298110785351,42.5233766459067,4.415974185937581,0.937668060302205,51.85,TMC,1.98,95.42,257862,246059,245015,47.81911311552354,45.83025529049242,5.414362385976369,0.936269208007673,47.62,-4.30386799232997,3.3068786445857157,9.59960446194681,1.9888578250311255,-2.2046079453873157,7.510000000000005,0.0
131,KAKDWIP,South 24 Parganas,South 24 Parganas,GEN,0,TMC,11.52,88.61,247826,219597,218574,52.38180204415896,40.80585980034222,5.597189052677812,1.2151491028210126,52.14,BJP,2.06,95.62,241891,231303,230138,45.456639060042235,47.524963282899826,5.816075572048075,1.2023220850098637,47.29,-6.925162984116724,6.719103482557607,11.57594224381674,-2.0683242228575907,-2.3948254016931236,7.010000000000005,0.0
132,SAGAR,South 24 Parganas,South 24 Parganas,GEN,0,TMC,12.48,87.02,274715,239067,238042,54.19211735744113,41.65399383302106,3.8211744145991045,0.3327143949387083,53.96,BJP,3.05,94.03,274488,258107,257507,46.569996155444315,49.63049548167623,3.2857359217419333,0.5137724411375225,49.52,-7.622121201996812,7.976501648655166,12.538123524420065,-3.0604993262319127,-0.08263109040278493,7.010000000000005,0.0
133,KULPI,South 24 Parganas,South 24 Parganas,GEN,0,TMC,17.51,87.73,220144,193130,191445,50.446342291519755,32.781738880618455,0.0,16.77191882786179,50.01,TMC,5.0,95.85,216699,207706,206328,44.23345353030127,39.20117482842852,0.7255437943468652,15.839827846923345,43.94,-6.212888761218487,6.419435947810065,17.6646034109013,5.032278701872748,-1.5648848026746154,8.11999999999999,0.0
134,RAIDIGHI,South 24 Parganas,South 24 Parganas,GEN,0,TMC,14.9,87.26,273558,238720,237258,48.76842930480743,33.777153984270285,15.565755422367213,1.888661288555075,48.47,TMC,2.31,96.21,267926,257773,256621,46.368379828618856,44.047057723257254,7.890624695562717,1.69393775256117,46.16,-2.4000494761885705,10.269903738986969,14.991275320537142,2.3213221053616024,-2.0587955753441634,8.949999999999989,0.0
135,MANDIRBAZAR,South 24 Parganas,South 24 Parganas,SC,1,TMC,11.78,87.06,229129,199490,197668,48.48230366068357,36.59772952627638,0.0,14.919966813040046,48.04,TMC,0.94,95.99,222142,213229,212193,44.15131507636915,43.2111332607579,0.5462008643074936,12.091350798565458,43.94,-4.330988584314419,6.6134037344815155,11.884574134407188,0.940181815611254,-3.0493739334610637,8.929999999999993,0.0
136,JAYNAGAR,South 24 Parganas,South 24 Parganas,SC,1,TMC,19.11,84.36,239968,202431,201267,52.14565726124998,32.925914332702334,8.629333174340553,6.299095231707136,51.85,TMC,12.03,96.38,227343,219107,218204,49.58387563931,37.50802001796484,9.071786035086433,3.8363183076387233,49.38,-2.5617816219399785,4.582105685262505,19.219742928547646,12.075855621345163,-5.261118149086541,12.019999999999996,0.0
137,BARUIPUR PURBA,South 24 Parganas,South 24 Parganas,SC,1,TMC,22.05,84.92,265091,225114,223259,55.20180597422724,32.96709203212413,9.615289865134216,2.215812128514416,54.75,TMC,13.41,96.8,245159,237319,235636,51.344870902578556,37.84311395542277,8.75078510923628,2.061230032762396,50.98,-3.856935071648685,4.876021923298644,22.234713942103113,13.501756947155783,-7.518927462644898,11.879999999999995,0.0
138,CANNING PASCHIM,South 24 Parganas,South 24 Parganas,SC,1,TMC,16.14,84.74,257681,218354,215322,51.57810163383212,35.21052191601416,5.5303220293328135,7.68105442082091,50.86,TMC,17.63,96.79,238344,230686,228318,52.79829010415298,34.98760500705157,0.46338878231238884,11.750716106483063,52.26,1.2201884703208634,-0.22291690896258842,16.36757971781796,17.810685097101413,-7.504239738281049,12.050000000000011,0.0
139,CANNING PURBA,South 24 Parganas,South 24 Parganas,GEN,0,TMC,22.77,88.72,262349,232766,230499,53.05923236109484,14.968828498171359,0.0,31.9719391407338,52.54,TMC,38.05,97.96,246698,241664,240040,61.94259290118313,11.911764705882353,0.5819863356107315,25.56365605732378,61.53,8.88336054008829,-3.0570637922890054,38.09040386292348,50.03082819530078,-5.965717422212391,9.239999999999995,0.0
140,BARUIPUR PASCHIM,South 24 Parganas,South 24 Parganas,GEN,0,TMC,29.3,83.27,253749,211293,209757,57.688658781351755,28.17355320680597,12.223191597896614,1.9145964139456608,57.27,TMC,8.08,94.77,233239,221031,219921,47.64483610023599,39.522828652106895,11.311334524670222,1.5210007229868907,47.41,-10.043822681115763,11.349275445300925,29.515105574545785,8.122007448129096,-8.082790474051126,11.5,0.0
141,MAGRAHAT PURBA,South 24 Parganas,South 24 Parganas,SC,1,TMC,26.23,85.0,242530,206153,204673,54.20597733946344,27.783830793509647,16.524895809413064,1.4852960576138523,53.82,TMC,14.23,95.47,232718,222178,221320,48.98427616121453,34.703144767757095,15.326676305801554,0.9859027652268209,48.8,-5.221701178248907,6.919313974247448,26.42214654595379,14.281131393457436,-4.045685069888261,10.469999999999999,0.0
142,MAGRAHAT PASCHIM,South 24 Parganas,South 24 Parganas,GEN,0,TMC,24.16,84.68,229437,194282,191996,50.52501093772787,26.07606408466843,0.0,23.3989249776037,49.93,TMC,28.49,94.59,217102,205362,204232,55.73759254181519,27.092228446080927,0.628207136981472,16.54197187512241,55.43,5.212581604087319,1.0161643614124962,24.44894685305944,28.645364095734262,-5.3762034894110355,9.909999999999997,0.0
143,DIAMOND HARBOUR,South 24 Parganas,South 24 Parganas,GEN,0,TMC,7.54,88.35,255132,225397,223948,43.97360101452123,36.38433922160502,17.289281440334364,2.352778323539393,43.69,TMC,13.46,94.69,245251,232238,230859,51.68522777972702,38.14189613573653,8.381739503333204,1.7911365812032454,51.38,7.711626765205793,1.7575569141315128,7.589261792916211,13.543331643990491,-3.8728971669567125,6.340000000000003,0.0
145,SATGACHHIA,South 24 Parganas,South 24 Parganas,GEN,0,TMC,9.9,87.18,270193,235546,234169,50.66212863359369,40.704363088196985,6.926621371744338,1.706886906464989,50.37,BJP,0.17,93.39,256303,239370,237716,46.535361523835164,46.70405021117636,5.600380285719093,1.1602079792693802,46.38,-4.126767109758525,5.999687122979374,9.957765545396704,-0.16868868734119502,-5.140769746070406,6.209999999999994,0.0
146,BISHNUPUR,South 24 Parganas,South 24 Parganas,SC,1,TMC,24.76,85.26,278650,237570,235707,57.91469918161107,32.954897393798234,7.6344783990293035,1.495925025561396,57.46,TMC,14.74,93.38,268346,250592,248924,53.28815220709936,38.45430733878614,6.626922273464993,1.6306181806495155,52.93,-4.626546974511712,5.499409944987903,24.959801787812836,14.833844868313221,-3.6978288175130047,8.11999999999999,0.0
147,SONARPUR DAKSHIN,South 24 Parganas,South 24 Parganas,GEN,0,TMC,11.25,80.76,288263,232807,230257,47.43482282840478,36.06448446735604,13.801100509430766,2.69959219480841,46.92,BJP,14.52,94.35,261143,246393,244443,38.12258890620717,52.76076631361913,7.425862061912184,1.690782718261517,52.34,-9.312233922197613,16.69628184626309,11.370338361048745,-14.638177407411959,-9.408075264602111,13.58999999999999,0.0
148,BHANGAR,South 24 Parganas,South 24 Parganas,GEN,0,RSSCMJP,10.8,89.07,271897,242185,238942,34.77245524018381,16.207280427886264,2.0632622142612016,46.95700211766872,45.1,AISF,12.0,98.04,272748,267394,265799,35.54076576661312,11.353315851451661,0.22498203529734875,52.880936346637874,47.33,0.7683105264293104,-4.853964576434603,18.565174812297546,24.18744991516146,0.3129861675561063,8.970000000000013,45.1
149,KASBA,South 24 Parganas,South 24 Parganas,GEN,0,TMC,28.51,72.86,306266,223154,220678,54.99959216596127,26.16935081884012,17.754375152937765,1.0766818622608507,54.39,TMC,8.7,90.78,265693,241206,239304,49.26495169324374,40.50036773309264,9.218817905258582,1.0158626684050414,48.88,-5.73464047271753,14.331016914252519,28.83024134712115,8.7645839601511,-13.247634409304332,17.92,0.0
150,JADAVPUR,South 24 Parganas,South 24 Parganas,GEN,0,TMC,18.04,71.85,299818,215419,212689,46.123682936117994,24.98436684548801,27.848642854120335,1.043307364273658,45.54,BJP,11.99,88.56,260915,231075,229099,34.25724250214972,46.35506920588916,18.616406007883054,0.7712822840780623,45.96,-11.866440433968272,21.370702360401147,21.139316090629983,-12.097826703739436,-12.975538493352634,16.710000000000008,0.0
151,SONARPUR UTTAR,South 24 Parganas,South 24 Parganas,GEN,0,TMC,15.01,80.08,300330,240495,238381,50.32154408279183,35.181914666017846,12.333197696125112,2.163343555065211,49.88,BJP,3.82,93.83,273312,256444,254845,43.17016225548863,47.01838372343974,8.348996448821833,1.462457572249799,46.73,-7.151381827303204,11.836469057421894,15.139629416773985,-3.848221467951113,-8.996104285286188,13.75,0.0
152,TOLLYGANJ,South 24 Parganas,South 24 Parganas,GEN,0,TMC,25.37,73.18,269713,197365,195055,52.00584450539591,26.331034836328215,20.813103996308733,0.8500166619671374,51.4,BJP,2.92,89.38,230098,205661,204160,40.35756269592476,43.30280172413793,15.380583855799372,0.959051724137931,42.99,-11.64828180947115,16.971766887809714,25.6748096690677,-2.945239028213166,-14.687834846670345,16.19999999999999,0.0
153,BEHALA PURBA,South 24 Parganas,South 24 Parganas,GEN,0,TMC,16.87,71.97,308285,221872,219037,50.66176034186005,33.57423631623881,13.774841693412528,1.9891616484886114,50.01,BJP,10.71,90.31,259876,234687,233052,38.77460824193742,49.56061308205894,10.244065702075073,1.4207129739285653,49.22,-11.88715209992263,15.986376765820133,17.087524025621242,-10.786004840121521,-15.702677717047543,18.340000000000003,0.0
154,BEHALA PASCHIM,South 24 Parganas,South 24 Parganas,GEN,0,TMC,21.95,74.02,313198,231816,229383,50.037709856440976,27.85472332300127,20.711648204095333,1.395918616462423,49.51,BJP,10.34,89.66,266349,238796,237312,37.280879180151025,47.68869673678533,13.603189050701186,1.4272350323624596,47.39,-12.756830676289951,19.83397341378406,22.182986533439706,-10.407817556634306,-14.958269209892784,15.64,0.0
155,MAHESHTALA,South 24 Parganas,South 24 Parganas,GEN,0,TMC,26.34,81.17,271007,219969,217920,56.90528634361233,30.313417767988252,11.598751835535976,1.1825440528634361,56.38,TMC,14.32,94.36,243529,229791,228518,51.11676104289378,36.713956887422434,10.658241363918815,1.5110407057649726,50.83,-5.788525300718554,6.400539119434182,26.59186857562408,14.402804155471344,-10.139221496123717,13.189999999999998,0.0
156,BUDGE BUDGE,South 24 Parganas,South 24 Parganas,GEN,0,TMC,20.62,84.68,256136,216892,214157,57.13425197401906,36.255177276484076,5.047231703843442,1.5633390456534224,56.41,TMC,21.48,94.8,230052,218093,216100,58.81119851920407,37.13142063859324,2.4632114761684405,1.5941693660342433,58.27,1.676946545185011,0.8762433621091645,20.879074697534982,21.67977788061083,-10.183652434644097,10.11999999999999,0.0
157,METIABURUZ,South 24 Parganas,South 24 Parganas,GEN,0,TMC,60.84,76.7,256315,196582,193574,78.04043931519729,16.253215824439234,0.0,5.706344860363479,76.85,TMC,48.8,94.99,189557,180068,178383,69.64228654075781,20.378062932005854,8.973949311313298,1.005701215923042,68.99,-8.398152774439481,4.1248471075666195,61.78722349075805,49.264223608751955,-26.045295827399883,18.289999999999992,0.0
158,KOLKATA PORT,Kolkata,Kolkata & Howrah,GEN,0,TMC,44.97,64.61,235933,152443,151083,69.85762792637159,24.482569183826108,3.6999530059636094,1.9598498838386846,69.23,TMC,36.25,90.03,171825,154702,154129,65.6761543901537,29.291048407502807,3.311511785582207,1.7212854167612843,65.43,-4.181473536217894,4.808479223676699,45.375058742545484,36.38510598265089,-27.172120898729723,25.42,0.0
159,BHABANIPUR,Kolkata,Kolkata & Howrah,GEN,0,TMC,22.55,61.72,206389,127376,125806,58.427261020936996,35.59925599732922,4.142091792124382,1.8313911896093986,57.71,BJP,10.83,86.83,160563,139413,138584,42.43779945736882,53.33732609825088,3.472983894244646,0.7518905501356578,53.02,-15.989461563568177,17.738070100921654,22.828005023607773,-10.899526640882058,-22.203702716714556,25.11,0.0
160,RASHBEHARI,Kolkata,Kolkata & Howrah,GEN,0,TMC,17.21,60.41,206013,124455,122793,53.50793612013714,36.06883128517098,8.399501600254085,2.0237309944377935,52.79,BJP,15.03,87.53,158586,138814,137518,38.72802105906136,53.90058028767143,1.7648598728893672,5.606538780377841,53.4,-14.779915061075776,17.83174900250045,17.43910483496616,-15.17255922861007,-23.021362729536488,27.120000000000005,0.0
161,BALLYGUNGE,Kolkata,Kolkata & Howrah,GEN,0,TMC,49.92,60.95,247662,150962,149645,71.22523305155535,20.866717899027698,5.662735139830933,2.24531390958602,70.6,TMC,36.73,88.57,188988,167384,166565,65.12832828025095,28.22021433074175,5.499354606309849,1.1521027826974455,64.81,-6.096904771304395,7.353496431714053,50.35851515252765,36.9081139495092,-23.691159725755263,27.61999999999999,0.0
162,CHOWRANGEE,Kolkata,Kolkata & Howrah,GEN,0,TMC,40.67,53.55,208201,111493,110281,63.565800092491,22.449016603041322,12.936045193641696,1.049138110825981,62.87,TMC,19.98,86.91,126715,110122,109290,57.588068441760456,37.45630890291884,4.317869887455394,0.6377527678653124,57.15,-5.977731650730547,15.00729229987752,41.11678348944968,20.131759538841614,-39.13814054687538,33.36,0.0
163,ENTALLY,Kolkata,Kolkata & Howrah,GEN,0,TMC,37.14,67.97,230814,156874,155883,65.24701218221358,27.87475221800966,0.0,6.8782355997767555,64.83,TMC,20.58,92.25,179088,165207,164515,57.39719782390664,36.72674224234872,3.9528310488405314,1.9232288849041121,57.16,-7.8498143583069435,8.85199002433906,37.37225996420392,20.670455581557917,-22.41025241103226,24.28,0.0
164,BELEGHATA,Kolkata,Kolkata & Howrah,GEN,0,TMC,42.36,63.18,250881,158506,156942,65.74530718354552,22.965171846924342,8.94916593391189,2.340355035618254,65.1,TMC,16.41,91.28,190746,174108,172540,54.33928364437232,37.77732699663846,7.049379853946911,0.8340095050423091,53.85,-11.406023539173198,14.812155149714116,42.78013533662118,16.561956647733865,-23.96953137144702,28.1,0.0
165,JORASANKO,Kolkata,Kolkata & Howrah,GEN,0,TMC,12.88,49.99,197950,98955,97927,53.22638291788781,40.21362851920308,4.86995414951954,1.6900344133895657,52.67,BJP,5.43,87.05,122746,106847,106175,44.33341182010831,49.79326583470685,4.915469743348246,0.9578526018365905,49.48,-8.892971097779501,9.579637315503774,13.012754398684734,-5.459854014598541,-37.99141197272038,37.059999999999995,0.0
166,SHYAMPUKUR,Kolkata,Kolkata & Howrah,GEN,0,TMC,21.87,58.32,176557,102970,101907,54.741087462097795,32.64250738418362,10.625374115615218,1.9910310381033687,54.18,BJP,12.53,88.53,131890,116768,115826,39.382349386148185,52.01595496693316,7.331687185951341,1.270008460967313,51.6,-15.35873807594961,19.37344758274954,22.09858007791418,-12.633605580784973,-25.298911966107262,30.21,0.0
167,MANIKTALA,Kolkata,Kolkata & Howrah,GEN,0,TMC,15.22,62.93,211308,132967,131547,51.370992877070556,35.98637749245517,10.272374132439356,2.370255498034923,50.82,BJP,10.38,90.82,165961,150722,149664,40.57488774855677,51.02763523626256,6.975625400898012,1.4218516142826598,50.67,-10.796105128513787,15.041257743807392,15.384615384615387,-10.452747487705793,-21.46014348723191,27.889999999999993,0.0
168,KASHIPUR-BELGACHHIA,Kolkata,Kolkata & Howrah,GEN,0,TMC,26.24,60.29,223714,134872,133295,57.15293146779699,30.602798304512547,11.070932893206797,1.173337334483664,56.48,BJP,1.1,89.6,168019,150542,149292,44.68893175789727,45.79481820861131,8.36682474613509,1.1494252873563218,45.41,-12.463999709899717,15.192019904098764,26.550133163284443,-1.1058864507140385,-24.895625664911446,29.309999999999995,0.0
169,BALLY,Howrah,Kolkata & Howrah,GEN,0,TMC,4.95,71.44,176197,125873,124667,42.791596813912264,37.78866901425397,17.679097114713596,1.7406370571201681,42.38,BJP,10.18,88.08,133780,117838,116914,39.03895170809313,49.30034042116427,10.74892656140411,0.9117813093384881,48.91,-3.752645105819134,11.511671406910303,5.002927799658295,-10.261388713071142,-24.073622138855942,16.64,0.0
170,HOWRAH UTTAR,Howrah,Kolkata & Howrah,GEN,0,TMC,3.69,68.51,218547,149720,148050,48.3451536643026,44.61533265788585,5.493414387031408,1.5460992907801419,47.81,BJP,8.45,88.64,150110,133063,132215,42.57383806678516,51.082706198237716,5.231630299133986,1.1118254358431343,50.76,-5.771315597517443,6.467373540351865,3.729821006416749,-8.508868131452559,-31.314545612614218,20.129999999999995,0.0
171,HOWRAH MADHYA,Howrah,Kolkata & Howrah,GEN,0,TMC,23.85,73.21,266542,195144,192409,57.97753743328015,33.7858416186353,6.72629658695799,1.5103243611265584,57.16,TMC,8.31,90.02,214910,193459,192349,49.88224529371091,41.520881314693604,7.2924735766757305,1.3043998149197553,49.6,-8.095292139569239,7.735039696058301,24.191695814644845,8.361363979017305,-19.371055968665353,16.810000000000002,0.0
172,SHIBPUR,Howrah,Kolkata & Howrah,GEN,0,TMC,17.89,77.98,233676,182219,180307,51.23040148191695,33.148463453997906,13.848602661017043,1.7725324030681004,50.69,BJP,8.86,92.94,195103,181323,180023,40.85977902823528,49.77975036523111,8.073968326269421,1.2865022802641886,49.42,-10.37062245368167,16.631286911233204,18.081938027919044,-8.919971336995829,-16.507043941183518,14.959999999999994,0.0
173,HOWRAH DAKSHIN,Howrah,Kolkata & Howrah,GEN,0,TMC,23.31,73.73,294243,216940,213992,54.59970466185652,30.968447418595087,12.751411267710942,1.6804366518374518,53.86,TMC,3.53,92.24,240748,222054,220480,45.60050798258345,42.05007256894049,10.979227140783745,1.3701923076923077,45.28,-8.99919667927307,11.081625150345406,23.631257243261434,3.5504354136429583,-18.180551448972448,18.50999999999999,0.0
174,SANKRAIL,Howrah,Kolkata & Howrah,SC,1,TMC,18.2,80.17,277076,222127,220277,50.79422726839388,32.44142602268961,15.500483482161098,1.2638632267554035,50.37,TMC,7.3,95.37,240335,229210,227441,46.34696470733069,38.98681416279387,13.805338527354348,0.8608826025210934,45.99,-4.447262561063191,6.545388140104258,18.35280124570427,7.360150544536822,-13.260260722689798,15.200000000000003,0.0
175,PANCHLA,Howrah,Kolkata & Howrah,GEN,0,TMC,15.09,81.53,266183,217009,214598,48.729251903559216,33.467693081948575,0.0,17.803055014492212,48.19,TMC,16.3,94.63,248515,235163,233424,53.1080780039756,36.6915998354925,9.584275824251149,0.6160463362807594,52.72,4.378826100416383,3.223906753543922,15.261558821610642,16.416478168483103,-6.637538836063905,13.099999999999994,0.0
176,ULUBERIA PURBA,Howrah,Kolkata & Howrah,GEN,0,TMC,8.87,82.57,233764,193021,190910,45.32292703368079,36.352207846629305,0.0,18.324865119689907,44.83,TMC,5.69,95.16,218601,208025,206774,46.250012090494934,40.52492092816311,0.9314517299080155,12.293615251433932,45.97,0.9270850568141427,4.172713081533807,8.970719187051486,5.725091162331822,-6.486456426139187,12.590000000000003,0.0
177,ULUBERIA UTTAR,Howrah,Kolkata & Howrah,SC,1,TMC,11.31,82.78,224423,185780,184532,49.58543775605315,38.20367199184965,10.454555307480545,1.7563349446166518,49.25,BJP,2.05,94.76,214715,203466,202375,44.04842495367511,46.1124150710315,7.984187770228536,1.854972205064855,45.87,-5.537012802378044,7.908743079181846,11.3817657642035,-2.06399011735639,-4.325759837449816,11.980000000000004,0.0
178,ULUBERIA DAKSHIN,Howrah,Kolkata & Howrah,GEN,0,TMC,14.06,85.12,237620,202266,200792,50.73907326985139,36.576158412685764,10.513367066416988,2.1714012510458582,50.37,TMC,7.6,95.43,237104,226271,224825,48.77082175025019,41.12620927387968,7.288780162348493,2.814188813521628,48.46,-1.9682515196011963,4.550050861193917,14.162914857165624,7.6446124763705114,-0.21715343826277378,10.310000000000002,0.0
179,SHYAMPUR,Howrah,Kolkata & Howrah,GEN,0,TMC,14.2,86.14,257593,221889,220747,52.00704879341509,37.73233611328806,9.244972751611574,1.0156423416852778,51.74,BJP,9.1,94.31,259440,244669,243576,42.44712122705028,51.585952639012056,4.393289979308307,1.573636154629356,51.36,-9.559927566364806,13.853616525723993,14.274712680127024,-9.138831411961775,0.717022589899563,8.170000000000002,0.0
180,BAGNAN,Howrah,Kolkata & Howrah,GEN,0,TMC,15.06,86.47,231216,199935,198387,53.452091114841195,38.26964468437952,7.336670245530201,0.9415939552490838,53.04,TMC,5.18,94.66,230726,218406,216358,48.55840782406937,43.32818754101998,7.085016500429843,1.0283881344808141,48.1,-4.8936832907718255,5.058542856640457,15.182446430461674,5.230220283049391,-0.21192305030793834,8.189999999999998,0.0
181,AMTA,Howrah,Kolkata & Howrah,GEN,0,TMC,12.55,79.73,261881,208810,207508,49.36918094724059,36.740752163772,12.100256375657805,1.7898105133296065,49.06,BJP,1.88,92.18,257113,237001,235146,42.6096978047681,44.50384016738537,10.862613014892876,2.0238490129536544,44.16,-6.759483142472483,7.763088003613369,12.628428783468586,-1.8941423626172664,-1.8206742757206462,12.450000000000003,0.0
182,UDAYNARAYANPUR,Howrah,Kolkata & Howrah,GEN,0,TMC,7.06,84.18,235467,198211,196991,51.53027295663254,44.4243645648786,2.6285464818189666,1.4168159966698985,51.21,TMC,5.72,93.15,229303,213603,212581,49.77020523941462,44.01851529534625,4.261904873906888,1.949374591332245,49.53,-1.7600677172179147,-0.4058492695323537,7.105908391753935,5.751689944068374,-2.617776588651488,8.969999999999999,0.0
183,JAGATBALLAVPUR,Howrah,Kolkata & Howrah,GEN,0,TMC,12.39,81.8,288158,235721,232952,50.0369174765617,37.50386345684948,0.0,12.459219066588826,49.45,BJP,2.64,93.23,270866,252515,250316,43.51979098419598,46.184822384505985,0.7210885440802826,9.574298087217757,45.78,-6.517126492365719,8.680958927656505,12.533054019712218,-2.6650314003100064,-6.000874520228483,11.430000000000007,0.0
184,DOMJUR,Howrah,Kolkata & Howrah,GEN,0,TMC,16.98,83.87,299250,250978,248896,52.431135896117254,35.30751799948573,9.147595782977628,3.113750321419388,52.0,TMC,16.59,94.37,269344,254187,253004,52.97781853251332,36.30733110938957,8.531880918878754,2.1829694392183523,52.73,0.5466826363960635,0.9998131099038403,17.123617896631522,16.670487423123745,-9.993650793650799,10.5,0.0
185,UTTARPARA,Hooghly,Hooghly & Purba Medinipur,GEN,0,TMC,18.0,76.94,259814,199894,196541,47.7650973588208,29.45390529202558,21.73490518517765,1.0460921639759644,46.96,BJP,5.07,89.88,228576,205454,203732,34.45555926413131,39.56766732766576,25.319537431527692,0.65723597667524,39.24,-13.309538094689493,10.113762035640178,18.311192066795222,-5.11210806353445,-12.023216608804766,12.939999999999998,0.0
186,SREERAMPUR,Hooghly,Hooghly & Purba Medinipur,GEN,0,TMC,12.46,74.41,252758,188081,185681,50.09720973066711,37.47717860201097,10.448565012036772,1.9770466552851396,49.46,BJP,4.66,90.34,206216,186297,184480,41.7167172593235,46.424544666088465,10.852124891587163,1.0066131830008673,45.97,-8.380492471343608,8.947366064077492,12.620031128656137,-4.707827406764963,-18.41366049739276,15.930000000000007,0.0
187,CHAMPDANI,Hooghly,Hooghly & Purba Medinipur,GEN,0,TMC,14.95,76.37,263372,201131,197784,51.05165230756785,35.84415321765158,11.766371395057234,1.3378230797233346,50.2,BJP,1.48,91.95,222304,204415,202388,44.80403976520347,46.29918769887543,8.075083502974485,0.8216890329466174,45.84,-6.247612542364379,10.455034481223848,15.207499089916269,-1.4951479336719586,-15.593153410385307,15.579999999999998,0.0
188,SINGUR,Hooghly,Hooghly & Purba Medinipur,GEN,0,TMC,12.35,85.04,246867,209938,207593,48.68998472973559,36.20256945080036,14.459061721734356,0.6483840977296922,48.15,BJP,9.63,93.71,237516,222573,220683,41.493907550649574,51.20829425012348,6.042604097279809,1.2551941019471369,50.77,-7.196077179086018,15.005724799323119,12.48741527893523,-9.714386699473906,-3.78786958159657,8.669999999999987,0.0
189,CHANDANNAGAR,Hooghly,Hooghly & Purba Medinipur,GEN,0,TMC,17.03,79.36,229572,182178,179155,48.43738662052413,31.117747202143395,18.81164354888225,1.6332226284502247,47.63,BJP,7.19,91.71,203795,186909,184893,39.39143180109577,46.661041791739,12.911251372415396,1.0362750347498282,46.16,-9.04595481942836,15.543294589595607,17.319639418380735,-7.269609990643232,-11.228285679438255,12.349999999999994,0.0
190,CHUNCHURA,Hooghly,Hooghly & Purba Medinipur,GEN,0,TMC,7.23,81.06,314274,254737,250399,46.76695993194861,39.41189860981873,11.492458036972991,2.3286834212596697,45.97,BJP,17.02,92.38,276244,255204,252189,37.38029810975102,54.60349182557526,6.597036349721836,1.4191737149518813,53.96,-9.386661822197595,15.191593215756534,7.355061322129885,-17.223193715824245,-12.100905579207954,11.319999999999993,0.0
191,BALAGARH,Hooghly,Hooghly & Purba Medinipur,SC,1,TMC,2.63,84.94,258955,219957,216852,46.28225702322321,43.615000092228804,9.114972423588439,0.9877704609595485,45.63,BJP,18.54,93.99,240491,226031,224684,37.25676950739705,55.91141336276726,5.190400740595681,1.6414163892399993,55.58,-9.025487515826157,12.296413270538459,2.667256930994405,-18.65464385537021,-7.13019636616401,9.049999999999997,0.0
192,PANDUA,Hooghly,Hooghly & Purba Medinipur,GEN,0,TMC,14.24,82.68,270503,223664,221500,46.444243792325054,32.061399548532734,18.72415349887133,2.7702031602708805,45.99,BJP,2.24,93.78,249215,233718,232067,41.4195038501812,43.67230153360883,12.794149965311743,2.114044650898232,43.36,-5.024739942143853,11.610901985076097,14.38284424379232,-2.25279768342763,-7.869783329574897,11.099999999999994,0.0
193,SAPTAGRAM,Hooghly,Hooghly & Purba Medinipur,GEN,0,TMC,5.08,81.84,234840,192190,189153,49.339952313735445,44.173764095732025,4.40489973724974,2.081383853282792,48.56,BJP,11.85,93.35,210597,196584,195483,40.476665490093765,52.39023342183208,5.570305346244942,1.5627957418292129,52.1,-8.86328682364168,8.216469326100054,5.16618821800342,-11.913567931738314,-10.323198773633113,11.509999999999991,0.0
194,CHANDITALA,Hooghly,Hooghly & Purba Medinipur,GEN,0,TMC,19.96,78.67,263257,207106,204950,50.31373505733106,30.139546230787996,18.131739448646012,1.4149792632349354,49.79,TMC,8.64,92.24,246622,227472,226021,47.40400228297371,38.704368178178136,12.342215988779804,1.5494135500683566,47.1,-2.9097327743573516,8.56482194739014,20.174188826543062,8.699634104795571,-6.3189202946170475,13.569999999999993,0.0
195,JANGIPARA,Hooghly,Hooghly & Purba Medinipur,GEN,0,TMC,8.52,81.86,257025,210411,207371,49.13174937672095,40.487339116848545,0.0,10.380911506430504,48.42,BJP,0.37,92.49,251164,232291,229903,44.169497570714604,44.54443830659017,8.573180863233624,2.712883259461599,44.09,-4.962251806006343,4.057099189741628,8.644410259872402,-0.374940735875569,-2.2803229257854274,10.629999999999995,0.0
196,HARIPAL,Hooghly,Hooghly & Purba Medinipur,GEN,0,TMC,10.45,81.87,269649,220774,217407,50.69523980368617,40.08288601562967,0.0,9.221874180684155,49.92,BJP,1.42,93.03,264434,245994,244247,44.97250733888236,46.400569914881245,0.7557922922287684,7.8711304540076235,46.07,-5.722732464803812,6.317683899251577,10.612353788056502,-1.4280625759988865,-1.9339956758601007,11.159999999999997,0.0
197,DHANEKHALI,Hooghly,Hooghly & Purba Medinipur,SC,1,TMC,12.9,86.12,271518,233838,231656,53.8626238905964,40.84375107918638,3.8993162275097557,1.3943088027074628,53.36,TMC,5.27,94.23,262844,247691,244795,50.43485365305664,45.10100287996078,1.3717600441185482,3.092383422864029,49.85,-3.427770237539761,4.257251800774398,13.01887281141002,5.333850773095861,-3.194631663462455,8.11,0.0
198,TARAKESWAR,Hooghly,Hooghly & Purba Medinipur,GEN,0,TMC,3.63,85.86,239820,205917,203165,47.5957965200699,43.912091157433615,7.183816110058327,1.308296212438166,46.96,BJP,13.99,94.03,235634,221578,220093,39.02986464812602,53.11436529103606,4.858400766948518,2.997369293889401,52.76,-8.565931871943874,9.202274133602444,3.6837053626362817,-14.084500642910037,-1.7454757734967852,8.170000000000002,0.0
199,PURSURAH,Hooghly,Hooghly & Purba Medinipur,GEN,0,BJP,12.63,85.8,259988,223074,220286,41.380750478922856,54.172303278465264,3.5535621873382786,0.8933840552735989,53.5,BJP,22.19,92.73,259825,240924,238145,35.84706796279578,58.29263683890067,4.144953704675723,1.7153414936278317,57.62,-5.5336825161270795,4.120333560435405,-12.791552799542409,-22.445568876104893,-0.0626952013169868,6.930000000000007,0.0
200,ARAMBAG,Hooghly,Hooghly & Purba Medinipur,SC,1,BJP,3.26,85.38,257621,219960,216789,44.25316782678088,47.56145376379798,6.9030255225126735,1.2823528869084686,46.88,BJP,12.28,93.04,253519,235875,234269,40.14231503101136,52.50374569405256,5.852246776141956,1.5016924987941214,52.15,-4.1108527957695244,4.942291930254584,-3.3082859370170965,-12.361430663041205,-1.592261500421166,7.660000000000011,0.0
201,GOGHAT,Hooghly,Hooghly & Purba Medinipur,SC,1,BJP,1.89,89.04,246570,219545,217063,45.18503844505973,47.09554369008076,6.6238833886936055,1.0955344761659058,46.56,BJP,21.16,94.36,248328,234321,231900,36.61750754635619,57.998275118585596,4.865890470030186,0.5183268650280293,57.4,-8.567530898703545,10.902731428504836,-1.910505245021028,-21.38076757222941,0.7129821146124815,5.319999999999993,0.0
202,KHANAKUL,Hooghly,Hooghly & Purba Medinipur,GEN,0,BJP,5.91,78.62,277259,217991,214713,44.02108861596643,50.02165681630828,0.0,5.957254567725289,49.27,BJP,14.54,88.26,268692,237135,235440,39.180258239891266,53.82645259938838,1.480632008154944,5.512657152565409,53.44,-4.840830376075161,3.8047957830801025,-6.000568200341853,-14.646194359497116,-3.0898906798336623,9.64,0.0
203,TAMLUK,Purba Medinipur,Hooghly & Purba Medinipur,GEN,0,TMC,0.34,88.44,266881,236031,234895,46.08144064369186,45.74384299367803,6.265778326486302,1.9089380361438089,45.86,BJP,13.52,93.49,274816,256930,255347,39.88180789278903,53.48251594888524,3.831257073707543,2.8044190846181865,53.15,-6.199632750902836,7.738672955207214,0.3375976500138336,-13.600708056096217,2.973235262158047,5.049999999999997,0.0
204,PANSKURA PURBA,Purba Medinipur,Hooghly & Purba Medinipur,GEN,0,TMC,4.87,83.96,236306,198400,197217,46.25006972015597,41.351911853440626,10.504672518089212,1.893345908314192,45.97,BJP,8.11,92.48,238674,220737,219341,41.65249542949107,49.81467213152124,5.895842546537127,2.636989892450568,49.5,-4.597574290664902,8.462760278080616,4.898157866715344,-8.162176702030173,1.0020905097627653,8.52000000000001,0.0
205,PANSKURA PASCHIM,Purba Medinipur,Hooghly & Purba Medinipur,GEN,0,TMC,3.8,85.42,274092,234141,232804,47.98242298242298,44.16418961873507,6.496451950997406,1.3569354478445388,47.71,BJP,12.6,92.55,279248,258432,257170,40.96589804409535,53.62950577439048,0.8519656258506046,4.552630555663569,53.37,-7.016524938327635,9.465316155655408,3.8182333636879093,-12.663607730295134,1.881120207813436,7.1299999999999955,0.0
206,MOYNA,Purba Medinipur,Hooghly & Purba Medinipur,GEN,0,BJP,0.56,87.96,255164,224434,223099,47.89308782199831,48.45785951528245,2.289566515313829,1.3594861474054118,48.17,BJP,6.59,92.79,265481,246333,245272,45.22530089044,51.84692912358524,2.255862878763169,0.6719071072115855,51.62,-2.667786931558304,3.3890696083027905,-0.5647716932841433,-6.621628233145238,4.043281967675694,4.8300000000000125,0.0
207,NANDAKUMAR,Purba Medinipur,Hooghly & Purba Medinipur,GEN,0,TMC,2.38,89.54,253829,227275,225802,47.909673076412076,45.51554016350608,5.6607115968857675,0.9140751631960744,47.6,BJP,12.27,94.17,264738,249316,248118,40.655252742646645,52.98930347657163,4.304806583964082,2.050637196817643,52.73,-7.254420333765431,7.473763313065547,2.394132912905995,-12.334050733924983,4.297775273904869,4.6299999999999955,0.0
208,MAHISADAL,Purba Medinipur,Hooghly & Purba Medinipur,GEN,0,TMC,1.09,89.44,245266,219355,217590,46.87072016177214,45.77416241555218,0.0,7.355117422675675,46.49,BJP,11.02,93.87,253752,238188,237345,40.171901662137394,51.22669531694369,5.430491478649223,3.1709115422696916,51.05,-6.698818499634747,5.452532901391507,1.0965577462199576,-11.054793654806296,3.459916988086409,4.430000000000007,0.0
209,HALDIA,Purba Medinipur,Hooghly & Purba Medinipur,SC,1,BJP,6.8,87.96,251051,220823,219410,40.6171095209881,47.45727177430381,10.340458502347204,1.5851602023608768,47.15,BJP,20.49,94.98,252092,239446,238380,34.8691165366222,55.45054115278128,8.69955533182314,0.980786978773387,55.2,-5.747992984365901,7.993269378477464,-6.840162253315711,-20.581424616159076,0.41465678288474805,7.02000000000001,0.0
210,NANDIGRAM,Purba Medinipur,Hooghly & Purba Medinipur,GEN,0,BJP,0.86,88.53,257999,228405,227315,47.866616809273474,48.72709676000264,2.7569672041000373,0.649319226623848,48.49,BJP,3.82,94.59,267174,252722,251803,46.71747358053717,50.55579163075897,1.5055420308733414,1.2211927578305262,50.37,-1.1491432287363068,1.8286948707563297,-0.8604799507291645,-3.838318050221801,3.556215334167967,6.060000000000002,0.0
211,CHANDIPUR,Purba Medinipur,Hooghly & Purba Medinipur,GEN,0,TMC,6.11,89.65,245775,220327,219591,49.988387502220036,43.8533455378408,4.479691790647157,1.678575169292002,49.82,BJP,8.38,94.38,256364,241957,241340,43.829037871881994,52.22797712770365,3.2215960885058426,0.7213889119085108,52.09,-6.159349630338042,8.374631589862851,6.1350419643792335,-8.39893925582166,4.308412165598607,4.72999999999999,0.0
212,PATASHPUR,Purba Medinipur,Hooghly & Purba Medinipur,GEN,0,TMC,4.79,88.33,236413,208827,207966,50.632795745458395,45.82720252348942,3.188501966667628,0.3514997643845629,50.42,BJP,3.9,93.75,247529,232048,231212,46.510561735550056,50.42515094372264,2.429372177914641,0.6349151428126568,50.24,-4.12223400990834,4.597948420233223,4.8055932219689765,-3.914589208172586,4.701941094609863,5.420000000000002,0.0
213,KANTHI UTTAR,Purba Medinipur,Hooghly & Purba Medinipur,GEN,0,BJP,4.08,88.73,257427,228416,226924,45.915813223810616,50.02732192275828,2.8661578325783084,1.1907070208527966,49.7,BJP,8.04,94.52,263871,249421,247954,44.37637626333917,52.46457004121732,2.2697758455197334,0.8892778499237762,52.16,-1.5394369604714484,2.4372481184590384,-4.111508698947667,-8.088193777878153,2.5032339265111947,5.789999999999992,0.0
214,BHAGABANPUR,Purba Medinipur,Hooghly & Purba Medinipur,GEN,0,BJP,12.37,87.59,254184,222650,221631,42.38170653022366,54.81182686537533,2.379631008297576,0.4268355961034332,54.56,BJP,8.43,93.7,264293,247653,246952,44.424827496841495,52.87910201172698,1.8971298066020927,0.7989406848294406,52.73,2.0431209666178347,-1.9327248536483523,-12.43012033515167,-8.454274514885483,3.977040254303965,6.109999999999999,0.0
215,KHEJURI,Purba Medinipur,Hooghly & Purba Medinipur,SC,1,BJP,8.45,89.1,238630,212621,211485,43.71090148237464,52.20559377733645,3.6938789985105327,0.3896257417783767,51.93,BJP,13.83,95.15,248386,236328,235727,41.22777619873837,55.09551302990324,2.6288885023777504,1.047822268980643,54.96,-2.4831252836362694,2.8899192525667843,-8.494692294961816,-13.86773683116487,4.088337593764413,6.050000000000011,0.0
216,KANTHI DAKSHIN,Purba Medinipur,Hooghly & Purba Medinipur,GEN,0,BJP,5.29,86.66,224657,194681,193811,45.49999742016707,50.810841489905116,3.1030230482273966,0.5861380417004195,50.58,BJP,14.79,93.18,228412,212835,211547,41.0060175752906,55.88308980982949,2.2326007932043472,0.8782918216755614,55.54,-4.4939798448764705,5.072248319924377,-5.310844069738046,-14.877072234538893,1.6714369015877528,6.52000000000001,0.0
217,RAMNAGAR,Purba Medinipur,Hooghly & Purba Medinipur,GEN,0,TMC,5.64,83.83,264900,222060,220827,51.00010415393045,45.33186612144348,3.057144280364267,0.6108854442617977,50.72,BJP,11.0,90.84,269545,244842,243565,43.05585777923758,54.116149693100404,2.1509658612690656,0.6770266663929546,53.83,-7.944246374692874,8.784283571656921,5.668238032486968,-11.060291913862827,1.7534918837297075,7.010000000000005,0.0
218,EGRA,Purba Medinipur,Hooghly & Purba Medinipur,GEN,0,TMC,7.68,84.61,284614,240817,239424,52.52731555733761,44.804196738839885,2.124264902432505,0.5442228013900027,52.22,BJP,9.54,92.28,291907,269373,268651,43.54273760380568,53.10607442369468,2.7902371478237566,0.5609508246758806,52.96,-8.984577953531925,8.301877684854794,7.723118818497724,-9.563336819888995,2.562417871222067,7.670000000000002,0.0
219,DANTAN,Paschim Medinipur,Jangalmahal,GEN,0,TMC,0.31,84.59,233841,197798,196548,48.4405844882675,48.123613570222034,2.8756334330545212,0.5601685084559497,48.13,BJP,4.75,92.39,236370,218374,217163,45.99448340647348,50.77246123879298,2.1592075998213325,1.0738477549122087,50.49,-2.446101081794019,2.6488476685709443,0.3169709180454632,-4.7779778323195,1.0815040989390123,7.799999999999997,0.0
220,NAYAGRAM,Jhargram,Jangalmahal,ST,1,TMC,11.83,84.82,226791,192354,189268,53.312234503455414,41.29012828370353,3.0977238624595813,2.2999133503814697,52.46,BJP,3.09,91.47,227076,207713,204823,46.10468550895163,49.241052030289566,3.045068180819537,1.6091942799392647,48.56,-7.207548994503782,7.950923746586035,12.022106219751883,-3.1363665213379335,0.12566636242179463,6.650000000000006,0.0
221,GOPIBALLAVPUR,Jhargram,Jangalmahal,GEN,0,TMC,11.94,87.92,226417,199070,196279,53.044390892556,40.93509748877873,2.9646574518924593,3.055854166772808,52.3,BJP,12.5,93.56,228063,213383,210851,41.739427368141484,54.39054118785303,2.214834171998236,1.6551972720072468,53.75,-11.304963524414518,13.455443699074301,12.109293403777272,-12.651113819711547,0.7269772146084374,5.640000000000001,0.0
222,JHARGRAM,Jhargram,Jangalmahal,GEN,0,TMC,18.95,85.49,236035,201797,198161,55.25456573190487,35.957125771468654,5.2633969348156295,3.5249115618108506,54.26,BJP,17.27,93.78,235603,220940,218678,37.831880664721645,55.27625092601908,3.7086492468378163,3.18321916242146,54.71,-17.422685067183224,19.319125154550427,19.297439960436215,-17.444370261297436,-0.18302370411167335,8.290000000000006,0.0
223,KESHIARY,Paschim Medinipur,Jangalmahal,ST,1,TMC,7.21,89.05,238835,212681,210111,50.623717939565275,43.327574472540704,4.411953681625427,1.6367539062685914,50.01,BJP,7.1,93.71,238855,223842,222504,43.96595117391148,51.106047531729764,3.400837737748535,1.5271635566102182,50.8,-6.657766765653797,7.778473059189061,7.296143467024571,-7.140096357818287,0.008373982037812588,4.659999999999997,0.0
224,KHARAGPUR SADAR,Paschim Medinipur,Jangalmahal,GEN,0,BJP,2.2,73.03,234672,171385,168742,44.94198243472283,47.17675504616515,6.3949698356070215,1.4862926835049959,46.45,BJP,18.87,89.43,180764,161661,160371,37.02602091400565,56.04816332129874,5.194205934988246,1.731609829707366,55.6,-7.9159615207171825,8.87140827513359,-2.2347726114423168,-19.02214240729309,-22.97163700824981,16.400000000000006,0.0
225,NARAYANGARH,Paschim Medinipur,Jangalmahal,GEN,0,TMC,1.11,89.3,243832,217750,215994,46.711482726372026,45.59293313703159,6.124707167791698,1.570876968804689,46.33,BJP,9.03,94.22,239375,225543,223892,42.7362299680203,51.83302663784325,3.891161810158469,1.5395815839779894,51.45,-3.975252758351729,6.2400935008116605,1.1185495893404394,-9.09679666982295,-1.8278978969126336,4.920000000000002,0.0
226,SABANG,Paschim Medinipur,Jangalmahal,GEN,0,TMC,4.18,89.21,264783,236201,234667,47.76896623726387,43.565563117097845,7.433086032548249,1.2323846130900382,47.46,BJP,4.33,93.63,274846,257340,256035,45.559005604702485,49.90841095943914,3.612787314234382,0.9197961216239967,49.66,-2.2099606325613834,6.342847842341293,4.203403120166023,-4.349405354736653,3.800470574017223,4.420000000000002,0.0
227,PINGLA,Paschim Medinipur,Jangalmahal,GEN,0,TMC,2.91,89.66,255054,228669,226596,49.619145969037405,46.68175960740702,3.1346537449910854,0.5644406785644936,49.17,BJP,7.61,94.74,256233,242754,240581,43.93904755570889,51.62045215540712,3.3631084749003453,1.077391813983648,51.16,-5.6800984133285155,4.938692548000105,2.937386361630388,-7.681404599698233,0.46225505187136307,5.079999999999998,0.0
228,KHARAGPUR,Paschim Medinipur,Jangalmahal,GEN,0,TMC,18.11,88.09,227081,200044,197730,55.49334951701815,37.170383856774386,5.687047994740302,1.6492186314671522,54.85,TMC,1.38,95.44,218527,208560,207025,47.49184881053013,46.10457674193938,4.598961478082357,1.8046129694481343,47.14,-8.001500706488024,8.934192885164997,18.322965660243767,1.3872720685907467,-3.7669377887185607,7.349999999999994,0.0
229,DEBRA,Paschim Medinipur,Jangalmahal,GEN,0,TMC,5.48,87.48,234184,204866,203513,47.09772840064271,41.58161886464255,10.18264189511235,1.138010839602384,46.79,BJP,13.25,93.59,232197,217323,216236,39.61505022290461,52.934294012097894,6.386540631532215,1.0641151334652879,52.67,-7.4826781777381015,11.352675147455344,5.516109536000158,-13.319243789193287,-0.8484781197690694,6.109999999999999,0.0
230,DASPUR,Paschim Medinipur,Jangalmahal,GEN,0,TMC,12.07,74.63,298096,222464,221096,51.90188877229801,39.76146108477765,7.709320838007019,0.627329304917321,51.58,BJP,12.75,85.08,296256,252047,250336,40.320609101367765,53.15695704972517,5.569714303975457,0.9527195449316119,52.8,-11.581279670930243,13.395495964947521,12.140427687520358,-12.836347948357407,-0.6172508185282588,10.450000000000003,0.0
231,GHATAL,Paschim Medinipur,Jangalmahal,SC,1,BJP,0.43,80.52,279908,225375,224070,46.79162761636989,47.222742892845986,4.536528763332887,1.4491007274512429,46.95,BJP,15.56,87.44,276794,242025,240717,39.005554240041214,54.64923540921497,4.660659612740272,1.6845507380035478,54.35,-7.786073376328673,7.426492516368981,-0.43111527647609904,-15.643681169173753,-1.1125083956157078,6.920000000000002,0.0
232,CHANDRAKONA,Paschim Medinipur,Jangalmahal,SC,1,TMC,4.52,89.08,279867,249315,246409,49.4486808517546,44.87052015145551,0.0,5.68079899678989,48.87,BJP,12.65,93.5,283081,264690,262895,40.71435363928565,53.44985640655015,5.569523954430476,0.266265999733734,53.09,-8.734327212468955,8.579336255094638,4.578160700299094,-12.7355027672645,1.1484026341083364,4.420000000000002,0.0
233,GARBETA,Paschim Medinipur,Jangalmahal,GEN,0,TMC,5.09,89.5,232046,207681,204962,46.31492666933383,41.15689737609898,11.242083898478743,1.2860920560884457,45.71,BJP,11.81,95.03,233655,222049,219594,39.85855715547784,51.801051030538176,7.330346002167636,1.010045811816352,51.23,-6.456369513855989,10.644153654439194,5.158029293234847,-11.942493875060336,0.693396998870921,5.530000000000001,0.0
234,SALBONI,Paschim Medinipur,Jangalmahal,GEN,0,TMC,13.1,89.98,276940,249195,247230,50.972778384500266,37.768879181329126,8.032601221534604,3.2257412126360068,50.57,BJP,5.72,95.3,279613,266475,264554,44.457086265941925,50.218858909712196,1.0194516053433325,4.304603219002548,49.86,-6.515692118558341,12.44997972838307,13.20389920317114,-5.761772643770271,0.9651910161045718,5.319999999999993,0.0
235,KESHPUR,Paschim Medinipur,Jangalmahal,SC,1,TMC,9.0,88.03,261529,230232,226934,51.553315060766565,42.42290710074295,6.023777838490486,0.0,50.81,TMC,19.73,94.69,268213,253963,252410,56.70258706073452,36.85194722871518,4.860346262033993,1.585119448516303,56.36,5.149271999967958,-5.570959872027764,9.130407960023618,19.85063983201934,2.555739516458977,6.659999999999997,0.0
236,MEDINIPUR,Paschim Medinipur,Jangalmahal,GEN,0,TMC,10.21,85.3,280060,238898,234970,51.570413244243944,41.18738562369664,5.525811805762438,1.716389326296974,50.72,BJP,15.87,93.66,260610,244086,242458,38.89085944782189,54.87177160580389,4.05925974808008,2.1781091982941376,54.51,-12.679553796422056,13.684385982107251,10.383027620547303,-15.980912157982004,-6.944940369920727,8.36,0.0
237,BINPUR,Jhargram,Jangalmahal,ST,1,TMC,20.92,84.27,224036,188798,185493,54.05972193020761,32.76835244456664,4.503134889187193,8.668790736038556,53.11,BJP,11.04,93.93,221524,208079,205400,41.02288218111003,52.20934761441091,3.728821811100292,3.038948393378773,51.54,-13.036839749097581,19.44099516984427,21.29136948564097,-11.186465433300882,-1.1212483707975451,9.66000000000001,0.0
238,BANDWAN,Purulia,Jangalmahal,ST,1,TMC,7.81,84.63,284840,241055,238101,47.600388070608695,39.69155946426096,9.325454324005358,3.382598141124985,47.02,BJP,11.11,93.01,286171,266178,263398,39.674940584210965,50.90395523124701,6.950318529373799,2.4707856551682243,50.37,-7.925447486397729,11.212395766986049,7.908828606347733,-11.229014647036045,0.46727987642185553,8.38000000000001,0.0
239,BALARAMPUR,Purulia,Jangalmahal,GEN,0,BJP,0.21,83.14,238113,197965,195524,45.56883042490947,45.7851721527792,4.549313639246333,4.096683783064995,45.22,BJP,15.94,93.31,235710,219946,217572,38.3183497876565,54.4284190980457,4.322706965969886,2.9305241483279096,53.84,-7.25048063725297,8.643246945266505,-0.21634172786972528,-16.1100693103892,-1.009184714820277,10.170000000000002,0.0
240,BAGHMUNDI,Purulia,Jangalmahal,GEN,0,TMC,6.77,82.65,249613,206303,203917,37.22347817984768,0.0,30.839998626892314,31.93652319326,36.79,BJP,17.74,91.7,250978,230137,227700,31.55292050944225,49.478700043917435,16.015810276679844,2.952569169960474,48.95,-5.670557670405433,49.478700043917435,37.22347817984768,-17.925779534475186,0.5468465184105042,9.049999999999997,0.0
241,JOYPUR,Purulia,Jangalmahal,GEN,0,BJP,6.02,81.23,249621,202767,199811,0.0,37.225177793014396,40.835089159255496,21.939733047730105,36.68,BJP,9.53,91.78,254082,233203,229964,35.85343792941504,45.51495016611295,12.640239341810023,5.991372562661982,44.88,35.85343792941504,8.289772373098558,-37.225177793014396,-9.661512236697916,1.787109257634567,10.549999999999997,0.0
242,PURULIA,Purulia,Jangalmahal,GEN,0,BJP,3.39,79.89,258947,206868,204280,40.4909927550421,43.92647346778931,12.236146465635402,3.34638731153319,43.38,BJP,21.35,91.42,252313,230653,228925,34.59692038877362,56.11182701758218,6.570710931527793,2.7205416621164136,55.69,-5.894072366268482,12.185353549792872,-3.435480712747207,-21.51490662880856,-2.5619142141055873,11.530000000000001,0.0
243,MANBAZAR,Purulia,Jangalmahal,ST,1,TMC,7.26,84.24,253708,213729,211438,48.854983493979326,41.51666209479848,7.968766257720939,1.6595881535012629,48.33,BJP,11.54,92.4,255913,236467,234356,39.7702640427384,51.411954462441756,6.591254331017768,2.226527163802079,50.95,-9.084719451240929,9.895292367643279,7.338321399180849,-11.641690419703359,0.8691093698267371,8.16000000000001,0.0
244,KASHIPUR,Purulia,Jangalmahal,GEN,0,BJP,3.79,81.59,238871,194892,192491,44.44415583066221,48.281737847483775,5.67662903720174,1.5974772846522693,47.69,BJP,10.04,92.17,229972,211974,209177,40.776471600606186,50.947761943234674,6.273156226544984,2.0026102296141546,50.28,-3.6676842300560253,2.666024095750899,-3.837582016821564,-10.171290342628488,-3.7254417656391925,10.579999999999998,0.0
245,PARA,Purulia,Jangalmahal,SC,1,BJP,2.07,79.55,243906,194021,190364,43.77928599945368,45.88420079426783,7.186758000462272,3.1497552058162257,45.02,BJP,15.62,91.36,236360,215946,213158,37.42153707578416,53.24125765863819,6.242317905028195,3.0948873605494516,52.55,-6.357748923669519,7.357056864370364,-2.1049147948141496,-15.819720582854032,-3.0938148303034763,11.810000000000002,0.0
246,RAGHUNATHPUR,Purulia,Jangalmahal,SC,1,BJP,2.53,82.75,259434,214690,211133,42.78440603790028,45.36003372281927,6.980434133934534,4.875126105345919,44.61,BJP,18.79,92.13,254449,234431,231230,36.1410716602517,55.19526013060589,5.946460234398651,2.7172079747437614,54.44,-6.643334377648586,9.835226407786621,-2.5756276849189845,-19.05418847035419,-1.9214906296013634,9.379999999999995,0.0
247,SALTORA,Bankura,Jangalmahal,SC,1,BJP,2.05,87.05,232517,202413,199050,43.96031147952775,46.042702838482796,7.075609143431299,2.9213765385581514,45.28,BJP,14.71,93.56,233527,218491,215720,38.496662340070465,53.39328759503059,6.305859447431856,1.804190617467087,52.72,-5.463649139457289,7.350584756547796,-2.082391358955043,-14.896625254960128,0.43437684126321763,6.510000000000005,0.0
248,CHHATNA,Bankura,Jangalmahal,GEN,0,BJP,3.64,81.25,242270,196836,193322,42.969243024591094,46.67497749868096,5.017535510702351,5.338243966025595,45.84,BJP,21.25,91.38,242884,221957,219369,35.92029867483555,57.42470449334227,3.7803882955203334,2.8746085363018476,56.76,-7.048944349755544,10.749726994661309,-3.7057344740898657,-21.50440581850672,0.25343624881331017,10.129999999999995,0.0
249,RANIBANDH,Bankura,Jangalmahal,ST,1,TMC,1.87,83.35,253359,211170,206944,43.93845678057832,42.03504329673728,9.691993969383022,4.334505953301377,43.06,BJP,22.07,92.8,255198,236828,232944,33.8604986606223,56.29893880074181,6.443179476612404,3.397383062023491,55.38,-10.077958119956023,14.26389550400453,1.9034134838410424,-22.43844014011951,0.7258475128177899,9.450000000000003,0.0
250,RAIPUR,Bankura,Jangalmahal,ST,1,TMC,9.97,86.59,224604,194476,191490,52.76672411091963,42.636691211029294,0.0,4.596584678051073,51.96,BJP,13.67,93.59,224609,210215,208386,39.686447266131125,53.47912047834308,4.482546812165884,2.351885443359919,53.01,-13.080276844788507,10.842429267313783,10.130032899890338,-13.792673212211952,0.0022261402290224552,7.0,0.0
251,TALDANGRA,Bankura,Jangalmahal,GEN,0,TMC,6.09,87.1,233291,203186,199668,46.089508584249856,39.890718592864154,11.613778872929062,2.4059939499569283,45.29,BJP,22.77,92.91,236732,219936,218237,34.12070363870471,57.06502563726591,6.927331295793105,1.8869394282362753,56.62,-11.968804945545145,17.174307044401758,6.198789991385702,-22.9443219985612,1.4749818895714029,5.810000000000002,0.0
252,BANKURA,Bankura,Jangalmahal,GEN,0,BJP,0.67,80.79,269829,217986,213479,44.03149724328857,44.71915270354461,6.447472585125469,4.801877468041353,43.79,BJP,22.64,91.5,261565,239331,235798,35.121163029372596,58.09718487858252,5.053053885105047,1.7285982069398382,57.24,-8.910334213915974,13.378032175037909,-0.687655460256039,-22.97602184920992,-3.062680438351695,10.709999999999994,0.0
253,BARJORA,Bankura,Jangalmahal,GEN,0,TMC,1.49,87.53,250729,219452,214549,43.48190856168055,41.958247300150546,11.761881901104177,2.7979622370647266,42.51,BJP,17.55,93.32,252205,235362,232676,36.14854991490313,53.90285203458887,7.335092575082948,2.6135054754250544,53.29,-7.33335864677742,11.944604734438322,1.5236612615300018,-17.75430211968574,0.588683399207901,5.789999999999992,0.0
254,ONDA,Bankura,Jangalmahal,GEN,0,BJP,5.12,87.88,256906,225759,220880,42.28042375950743,47.50996015936255,7.335657370517929,2.873958710612097,46.48,BJP,12.88,93.61,263110,246292,242329,39.85201936210689,52.94289994181464,4.837638087063455,2.3674426090150167,52.09,-2.4284043974005414,5.432939782452088,-5.229536399855121,-13.09088057970775,2.4148910496446074,5.730000000000004,0.0
255,BISHNUPUR,Bankura,Jangalmahal,GEN,0,BJP,5.96,87.32,219284,191469,188050,41.62137729327306,47.69423025791013,8.409465567668173,2.2749268811486307,46.84,BJP,14.75,93.95,220848,207478,205298,39.20008962581223,54.10768736178628,1.7759549532874164,4.916268059114068,53.54,-2.421287667460831,6.413457103876155,-6.072852964637065,-14.90759773597405,0.7132303314423272,6.63000000000001,0.0
256,KATULPUR,Bankura,Jangalmahal,SC,1,BJP,5.26,90.82,246785,224123,222267,42.398106781483534,47.70028839188903,7.989040208398007,1.9125646182294267,47.31,BJP,14.3,94.44,254394,240253,238591,38.50690093088172,52.91104861457473,6.819201059553797,1.7628493949897523,52.55,-3.891205850601814,5.2107602226857,-5.302181610405498,-14.404147683693012,3.083250602751386,3.6200000000000045,0.0
257,INDUS,Bankura,Jangalmahal,SC,1,BJP,3.31,89.92,242938,218453,215271,45.392087183131956,48.74599922887895,5.8619135879890925,0.0,48.04,BJP,0.39,94.55,245791,232394,230812,46.718974750013,47.10890248340641,3.998059026393775,2.174063740186819,46.79,1.326887566881041,-1.6370967454725402,-3.353912045746995,-0.3899277333934137,1.1743737085182282,4.6299999999999955,0.0
258,SONAMUKHI,Bankura,Jangalmahal,SC,1,BJP,5.24,89.14,233059,207739,205663,42.43495426984922,47.729051895576745,7.646003413350967,2.1899904212230688,47.25,BJP,13.26,93.89,236292,221852,219791,39.191322665623254,52.57221633278888,5.629893853706475,2.6065671478813965,52.08,-3.2436316042259676,4.843164437212131,-5.294097625727524,-13.380893667165623,1.3872023822294022,4.75,0.0
259,KHANDAGHOSH,Purba Bardhaman,Rarh Bengal,SC,1,TMC,9.59,89.77,242730,217897,215953,48.28087593133691,38.609327029492526,10.614809703963362,2.494987335207198,47.85,TMC,3.71,95.49,233783,223246,221975,46.93456470323235,43.20261290685888,8.740173442955287,1.1226489469534857,46.67,-1.346311228104561,4.593285877366355,9.671548901844382,3.7319517963734654,-3.6859885469451625,5.719999999999999,0.0
260,BARDHAMAN DAKSHIN,Purba Bardhaman,Rarh Bengal,GEN,0,TMC,3.95,79.61,257940,205345,201638,45.13782124401155,41.11824160128547,11.57817474880727,2.165762405895714,44.32,BJP,14.88,92.21,222117,204823,202459,38.17266705851555,53.2226277913059,7.506211134106165,1.09849401607239,52.61,-6.965154185495997,12.104386190020428,4.019579642726079,-15.049960732790346,-13.888113514770872,12.599999999999994,0.0
261,RAINA,Purba Bardhaman,Rarh Bengal,SC,1,TMC,7.94,88.57,258742,229166,227603,47.7814440055711,39.78286753689538,11.129906020570907,1.3057824369626059,47.46,BJP,0.36,94.72,246255,233245,231803,44.28458648076168,44.644374749248286,9.341552956605394,1.7294858133846414,44.37,-3.496857524809421,4.861507212352905,7.998576468675722,-0.3597882684866036,-4.826042930795927,6.150000000000006,0.0
262,JAMALPUR,Purba Bardhaman,Rarh Bengal,SC,1,TMC,8.69,87.59,235973,206690,203825,47.5893536121673,38.77247638905924,11.43039372010303,2.207776278670428,46.93,BJP,5.2,95.22,225551,214774,212976,41.67511832319135,46.9235970250169,9.572909623619562,1.8283750281721884,46.53,-5.914235288975952,8.15112063595766,8.816877223108058,-5.2484787018255545,-4.4166069846974025,7.6299999999999955,0.0
263,MONTESWAR,Purba Bardhaman,Rarh Bengal,GEN,0,TMC,15.22,86.3,242229,209036,207425,50.84247318307822,35.50922020007231,11.927202603350608,1.7211040134988551,50.45,BJP,7.25,94.1,216968,204165,202805,40.31508098912749,47.611745272552454,10.288700968911023,1.7844727694090383,47.29,-10.527392193950732,12.102525072480141,15.333252983005906,-7.296664283424967,-10.428561402639646,7.799999999999997,0.0
264,KALNA,Purba Bardhaman,Rarh Bengal,SC,1,TMC,3.58,86.53,241471,208951,206444,46.53707542965647,42.91478560771928,9.205886342058863,1.3422526205653833,45.98,BJP,13.43,94.11,226568,213233,211900,38.77300613496933,52.284096271826336,7.714487966021708,1.2284096271826332,51.96,-7.76406929468714,9.369310664107054,3.622289821937187,-13.511090136857007,-6.171755614545848,7.579999999999998,0.0
265,MEMARI,Purba Bardhaman,Rarh Bengal,GEN,0,TMC,10.55,86.06,254236,218802,217129,48.289726383854756,37.66102178889047,11.798516089513607,2.2507357377411585,47.92,BJP,3.12,94.9,239719,227492,226263,43.89670427776525,47.037297304464275,8.053901875251366,1.012096542519104,46.78,-4.393022106089504,9.376275515573802,10.628704594964283,-3.1405930266990225,-5.71004893091458,8.840000000000003,0.0
266,BARDHAMAN UTTAR,Purba Bardhaman,Rarh Bengal,SC,1,TMC,7.14,87.33,277026,241925,239529,46.42903364519536,39.21988569233788,12.953755077673268,1.3973255847934904,45.97,TMC,2.61,95.17,260510,247932,244161,46.153153042459685,43.507357849943276,8.756107650279938,1.5833814573170981,45.45,-0.2758806027356755,4.287472157605393,7.209147952857478,2.6457951925164096,-5.961895273367846,7.840000000000003,0.0
267,BHATAR,Purba Bardhaman,Rarh Bengal,GEN,0,TMC,14.82,86.82,246694,214168,209822,51.48554489043094,36.35796055704359,9.344587316868584,2.81190723565689,50.44,BJP,3.04,94.65,226841,214694,211442,43.64884932983986,46.736220807597356,6.85105135214385,2.763878510418933,46.03,-7.836695560591075,10.378260250553765,15.127584333387347,-3.087371477757493,-8.047621750022294,7.8300000000000125,0.0
268,PURBASTHALI DAKSHIN,Purba Bardhaman,Rarh Bengal,GEN,0,TMC,8.08,86.65,248533,215353,213791,49.43987352133626,41.29640630335234,7.0447306013817235,2.218989573929679,49.08,BJP,7.57,94.5,232857,220056,218133,43.24976046723788,50.888219572462674,1.3033332874897425,4.558686672809708,50.44,-6.190113054098383,9.591813269110332,8.143467217983918,-7.638459105224797,-6.307411892988057,7.849999999999994,0.0
269,PURBASTHALI UTTAR,Purba Bardhaman,Rarh Bengal,GEN,0,TMC,3.16,84.05,252626,212343,210993,43.80287497689497,40.624570483380964,13.334091652329699,2.2384628873943684,43.52,BJP,13.44,93.73,239934,224880,223692,36.27890134649429,49.79123079949216,12.212774708080754,1.7170931459328005,49.53,-7.523973630400683,9.166660316111198,3.1783044935140055,-13.512329452997875,-5.024027613943138,9.680000000000007,0.0
270,KATWA,Purba Bardhaman,Rarh Bengal,GEN,0,TMC,4.08,83.84,267738,224459,222679,48.45270546391892,44.34140623947476,5.827222144881197,1.378666151725129,48.07,BJP,14.64,93.08,257343,239536,238050,36.52762024784709,51.25813904641882,9.31400966183575,2.9002310438983407,50.94,-11.925085216071828,6.9167328069440615,4.11129922444416,-14.73051879857173,-3.8825269479864644,9.239999999999995,0.0
271,KETUGRAM,Purba Bardhaman,Rarh Bengal,GEN,0,TMC,5.89,83.36,258310,215317,211697,47.344081399358515,41.352971463931944,9.49092334799265,1.8120237887168926,46.55,BJP,12.6,93.39,234702,219183,215149,38.807524087957646,51.64049100855686,1.0072089575131653,8.544775945972326,50.69,-8.53655731140087,10.287519544624914,5.9911099354265716,-12.832966920599212,-9.139406139909411,10.030000000000001,0.0
272,MANGALKOT,Purba Bardhaman,Rarh Bengal,GEN,0,TMC,10.28,86.58,251003,217329,213503,50.395544793281594,39.93339672042079,7.860779473824723,1.8102790124728927,49.51,BJP,5.8,94.42,232205,219247,215824,42.30159759804285,48.196678775298395,7.327730002224034,2.1739936244347247,47.44,-8.093947195238748,8.263282054877607,10.462148072860806,-5.895081177255548,-7.489153516093438,7.840000000000003,0.0
273,AUSGRAM,Purba Bardhaman,Rarh Bengal,SC,1,TMC,5.44,87.9,246956,217080,213041,47.12332367947954,41.57744283964119,9.57515220075009,1.724081280129177,46.25,BJP,5.55,95.66,236132,225886,223461,42.58326956381651,48.19274951781295,8.30569987604101,0.918281042329534,47.68,-4.5400541156630325,6.6153066781717556,5.545880839838347,-5.609479953996441,-4.3829670062683235,7.759999999999991,0.0
274,GALSI,Purba Bardhaman,Rarh Bengal,SC,1,TMC,8.66,86.71,256642,222538,220284,49.71037388099,40.96620725971927,7.72638956982804,1.5970292894626936,49.21,BJP,4.52,95.17,244138,232345,229565,43.62424585629343,48.19550018513275,6.782392786356805,1.397861172217019,47.62,-6.0861280246965705,7.229292925413482,8.744166621270729,-4.5712543288393235,-4.8721565449147075,8.460000000000008,0.0
275,PANDABESWAR,Paschim Bardhaman,Rarh Bengal,GEN,0,TMC,2.31,77.51,211960,164291,161556,45.75627027160861,43.40228775161554,7.54908514694595,3.292356829829904,44.99,BJP,0.8,92.69,188499,174712,173423,45.612750327234565,46.41887177594668,5.3747196161985435,2.5936582806202177,46.08,-0.14351994437404159,3.016584024331138,2.3539825199930675,-0.806121448712112,-11.068597848650686,15.179999999999993,0.0
276,DURGAPUR PURBA,Paschim Bardhaman,Rarh Bengal,GEN,0,TMC,1.94,75.11,256531,192674,190046,41.72831840712249,39.75721667385791,15.292613367290025,3.221851551729581,41.16,BJP,14.4,90.46,237454,214802,212208,36.73471311166403,51.31192038000452,10.311581090251074,1.641785418080374,50.69,-4.993605295458458,11.554703706146611,1.9711017332645753,-14.577207268340494,-7.43652813889939,15.349999999999994,0.0
277,DURGAPUR PASCHIM,Paschim Bardhaman,Rarh Bengal,GEN,0,BJP,7.45,73.12,269303,196902,194278,39.387887460237394,46.93583421694685,9.280515549882127,4.395762772933631,46.31,BJP,17.34,90.71,238974,216774,213827,36.071684118469605,53.655057593288035,7.952690726615441,2.320567561626923,52.93,-3.316203341767789,6.7192233763411835,-7.547946756709457,-17.58337347481843,-11.262035699565176,17.58999999999999,0.0
278,RANIGANJ,Paschim Bardhaman,Rarh Bengal,GEN,0,TMC,1.95,72.65,250813,182211,180205,43.37504508753919,41.401736910740546,12.035182153658333,3.1880358480619293,42.9,BJP,9.05,90.86,216243,196484,194032,41.03962233033727,50.20615156262885,7.510616805475386,1.243609301558506,49.58,-2.3354227572019255,8.804414651888301,1.9733081767986462,-9.16652923229158,-13.783177108044642,18.209999999999994,0.0
279,JAMURIA,Paschim Bardhaman,Rarh Bengal,GEN,0,TMC,4.83,75.29,221419,166703,164350,43.20170368116824,38.303011864922425,15.100699726194097,3.394584727715242,42.59,BJP,12.4,92.33,196678,181594,179893,37.59790542155615,50.11312280077602,9.536780197117174,2.7521915805506607,49.64,-5.603798259612091,11.810110935853594,4.898691816245815,-12.51521737921987,-11.173837836861333,17.039999999999992,0.0
280,ASANSOL DAKSHIN,Paschim Bardhaman,Rarh Bengal,GEN,0,BJP,2.3,71.01,274245,194737,191271,43.59991844032812,45.945804643673114,8.350455636243863,2.1038212797549027,45.13,BJP,18.93,90.14,239405,215792,212935,36.979829525442035,56.158921736680206,5.521403245121751,1.3398454927560053,55.42,-6.620088914886082,10.213117093007092,-2.345886203344996,-19.17909221123817,-12.70396907874346,19.129999999999995,0.0
281,ASANSOL UTTAR,Paschim Bardhaman,Rarh Bengal,GEN,0,TMC,10.94,69.95,275796,192907,189559,53.24516377486693,42.10878934790751,0.0,4.646046877225561,52.32,BJP,5.52,88.83,237089,210607,207852,44.695745049362046,50.28385582048765,3.251833035044166,1.7685660951061333,49.63,-8.549418725504886,8.175066472580141,11.13637442695942,-5.588110771125606,-14.034648798387217,18.879999999999995,0.0
282,KULTI,Paschim Bardhaman,Rarh Bengal,GEN,0,BJP,0.39,69.44,251671,174767,171214,46.978050860326846,47.374630579275056,3.3846531241604074,2.262665436237691,46.41,BJP,13.93,90.2,210912,190239,187700,41.06126798082046,55.17847629195525,2.9259456579648373,0.8343100692594566,54.44,-5.9167828795063855,7.803845712680193,-0.3965797189482103,-14.117208311134789,-16.19535027873692,20.760000000000005,0.0
283,BARABANI,Paschim Bardhaman,Rarh Bengal,GEN,0,TMC,13.86,75.0,225596,169207,166168,53.21722594001252,39.100789562370615,5.39333686389678,2.2886476337200907,52.26,BJP,6.33,91.68,202090,185274,182509,43.86359028869809,50.286287251587595,1.4360935625092461,4.414028897205069,49.54,-9.353635651314427,11.18549768921698,14.116436377641904,-6.422696962889503,-10.419510984237313,16.680000000000007,0.0
284,DUBRAJPUR,Birbhum,Rarh Bengal,SC,1,BJP,1.89,84.64,241742,204599,201442,46.77276834026668,48.69044191380149,2.985474727216767,1.5513150187150644,47.94,BJP,12.56,94.99,231802,220193,217706,41.2436956262115,53.94293221133088,3.6466610934011925,1.166711069056434,53.33,-5.529072714055182,5.252490297529384,-1.9176735735348132,-12.69923658511938,-4.111821694202911,10.349999999999994,0.0
285,SURI,Birbhum,Rarh Bengal,GEN,0,TMC,3.35,82.94,263557,218590,216755,48.843625291227426,45.46654056423151,3.8139835297917,1.8758506147493714,48.43,BJP,12.03,94.49,252420,238504,236672,40.3752873174689,52.49585924824229,4.537080854515954,2.5917725797728504,52.09,-8.468337973758523,7.029318684010782,3.3770847269959177,-12.120571930773387,-4.225651377121453,11.549999999999997,0.0
286,BOLPUR,Birbhum,Rarh Bengal,GEN,0,TMC,9.68,84.07,273896,230260,226923,51.313881801315866,41.49557338832996,4.3913574207991255,2.799187389555047,50.57,TMC,5.35,94.61,260376,246339,242785,47.33200156517083,41.900035010400146,0.9930597030294294,9.774903721399593,46.65,-3.981880236145038,0.4044616220701869,9.818308412985907,5.431966554770682,-4.9361801559716145,10.540000000000006,0.0
287,NANOOR,Birbhum,Rarh Bengal,SC,1,TMC,2.83,85.02,276777,235328,233179,48.081516774666675,45.221053353861194,5.5227957920739,1.1746340793982306,47.64,TMC,3.21,93.88,269616,253119,251254,47.724613339489125,44.49202798761413,5.4243912534725816,2.3589674194241685,47.37,-0.35690343517754997,-0.7290253662470647,2.8604634208054804,3.232585351874995,-2.5872814576355707,8.86,0.0
288,LABPUR,Birbhum,Rarh Bengal,GEN,0,TMC,8.48,88.33,240044,212027,208970,51.88448102598459,43.282767861415515,3.1004450399578887,1.732306072642006,51.14,BJP,1.59,94.8,235224,223002,219857,46.78131694692459,48.39600285640211,3.3744661302573946,1.4482140664158976,47.71,-5.103164079060001,5.113234994986598,8.601713164569077,-1.6146859094775223,-2.0079652063788256,6.469999999999999,0.0
289,SAINTHIA,Birbhum,Rarh Bengal,SC,1,TMC,6.87,86.68,255959,221866,220124,50.231687594265054,43.30695426214316,4.710526793988842,1.750831349602951,49.84,BJP,4.27,95.54,252442,241175,239624,43.71348445898575,48.01438920976196,5.697259039161353,2.5748672920909423,47.71,-6.5182031352793075,4.7074349476188,6.924733332121896,-4.300904750776212,-1.3740481874050192,8.86,0.0
290,MAYURESWAR,Birbhum,Rarh Bengal,GEN,0,TMC,6.05,86.45,230682,199425,196622,51.07515944299214,44.93393414775559,0.0,3.990906409252271,50.36,BJP,9.84,94.33,226302,213473,211017,40.78060061511632,50.733353236942996,5.611870133685912,2.874176014254776,50.15,-10.294558827875818,5.799419089187403,6.141225295236545,-9.952752621826676,-1.898717715296383,7.8799999999999955,0.0
291,RAMPURHAT,Birbhum,Rarh Bengal,GEN,0,TMC,3.9,83.33,260812,217323,213942,48.272896392480206,44.31294462985295,5.472043824961905,1.9421151527049387,47.52,BJP,10.37,95.21,245490,233723,230560,38.032182512144345,48.54267869535045,10.766828591256072,2.6583102012491326,47.89,-10.24071388033586,4.229734065497503,3.959951762627256,-10.510496183206108,-5.874729690351666,11.879999999999995,0.0
292,HANSAN,Birbhum,Rarh Bengal,GEN,0,TMC,24.03,84.88,248113,210606,208186,52.015505365394404,27.704072319944665,19.124725005523906,1.1556973091370217,51.42,TMC,12.49,95.33,237652,226555,225402,45.79506836674031,33.24061010993691,18.79619524227824,2.168126281044534,45.56,-6.220436998654094,5.536537789992245,24.31143304544974,12.5544582568034,-4.2162240591988365,10.450000000000003,0.0
293,NALHATI,Birbhum,Rarh Bengal,GEN,0,TMC,27.4,84.83,244837,207696,205796,57.0652490816148,29.41407996268149,10.363661101284768,3.157009854418939,56.54,TMC,6.04,95.89,232063,222519,220986,39.70568271293204,33.62113437050311,22.3570723937263,4.316110522838551,39.43,-17.359566368682763,4.207054407821616,27.65116911893331,6.084548342428931,-5.217348685043522,11.060000000000002,0.0
294,MURARAI,Birbhum,Rarh Bengal,GEN,0,TMC,45.08,82.8,263200,217917,216408,67.69435510702007,22.295848582307492,7.988152009167868,2.0216443015045655,67.23,TMC,15.52,96.33,252203,242939,241773,40.07974422288676,24.26408242442291,29.918146360429,5.738026992261336,39.89,-27.614610884133313,1.968233842115417,45.39850652471258,15.81566179846385,-4.178191489361705,13.530000000000001,0.0
